customer_id,banked_flag,job_category,housing_type,dependents,employment_years,residence_years,loan_amount,duration_months,interest_rate,existing_monthly_obligation,average_monthly_inflow,average_monthly_outflow,emi,net_monthly_surplus,emi_coverage_ratio,loan_to_income_ratio,existing_obligation_ratio,dependent_ratio,employment_stability_score,income_variance_index,residence_stability_score,digital_behavior_score,credit_risk
CUST001,1,2,1,2,6,12,1169,6,0.1,300,4800,3200,200,1600,8.0,0.04,0.06,0.5,0.6,0.12,1.0,0.78,0
CUST002,1,2,1,0,3,4,5951,48,0.12,500,4200,3100,156,1100,7.05,0.12,0.12,0.0,0.3,0.18,0.4,0.65,0
CUST003,1,1,1,3,2,10,2096,12,0.11,250,2800,2100,185,700,3.78,0.06,0.09,0.6,0.2,0.22,1.0,0.52,1
CUST004,1,2,0,2,5,3,7882,42,0.14,800,5500,4300,260,1200,4.61,0.14,0.15,0.5,0.5,0.25,0.3,0.6,0
CUST005,1,2,0,1,7,2,4870,24,0.13,600,5200,3900,230,1300,5.65,0.08,0.11,0.33,0.7,0.2,0.2,0.7,0
CUST006,0,1,0,2,1,1,9055,36,0.15,900,2500,2100,315,400,1.27,0.3,0.36,0.5,0.1,0.3,0.1,0.28,1
CUST007,1,2,1,2,8,15,2835,24,0.1,400,6000,4200,131,1800,13.74,0.05,0.07,0.5,0.8,0.1,1.0,0.82,0
CUST008,1,3,2,1,9,5,6948,36,0.13,750,8500,6200,235,2300,9.79,0.08,0.09,0.33,0.9,0.15,0.5,0.88,0
CUST009,1,1,1,3,4,18,3059,12,0.11,300,3200,2600,270,600,2.22,0.08,0.09,0.6,0.4,0.2,1.0,0.58,0
CUST010,1,3,1,0,6,8,5234,30,0.12,650,7800,5400,205,2400,11.71,0.07,0.08,0.0,0.6,0.14,0.8,0.85,0
CUST011,1,2,2,0,4,3,1295,12,0.1,200,4500,3100,114,1400,12.28,0.03,0.04,0.0,0.4,0.16,0.3,0.72,0
CUST012,1,2,2,1,3,2,4308,48,0.13,450,4700,3600,115,1100,9.57,0.08,0.1,0.33,0.3,0.21,0.2,0.66,0
CUST013,1,2,1,0,2,6,1567,12,0.11,150,3900,2800,138,1100,7.97,0.03,0.04,0.0,0.2,0.18,0.6,0.7,1
CUST014,1,1,1,2,5,14,1199,24,0.1,250,3000,2300,55,700,12.73,0.02,0.08,0.5,0.5,0.12,1.0,0.55,0
CUST015,1,2,2,1,4,4,1403,15,0.11,200,4800,3500,100,1300,13.0,0.02,0.04,0.33,0.4,0.17,0.4,0.74,0
CUST016,1,1,1,2,6,10,1282,24,0.1,300,3200,2500,59,700,11.86,0.02,0.09,0.5,0.6,0.15,1.0,0.6,0
CUST017,0,2,1,2,2,8,2424,24,0.12,500,3800,3200,114,600,5.26,0.05,0.13,0.5,0.2,0.28,0.8,0.35,1
CUST018,1,2,1,1,3,5,8072,30,0.14,900,4200,3600,322,600,1.86,0.19,0.21,0.33,0.3,0.24,0.5,0.58,1
CUST019,1,3,0,3,9,3,12579,24,0.15,1200,9000,7000,610,2000,3.28,0.14,0.13,0.6,0.9,0.19,0.3,0.82,0
CUST020,1,2,1,1,7,12,3430,24,0.11,350,5600,4100,161,1500,9.32,0.05,0.06,0.33,0.7,0.14,1.0,0.76,0
CUST021,1,3,1,1,12,10,15000,60,0.11,1500,12000,7000,326,3500,10.73,0.1,0.12,0.33,0.95,0.08,1.0,0.92,0
CUST022,0,1,2,4,1,1,3000,12,0.15,100,2200,1900,270,200,0.74,0.11,0.04,0.8,0.1,0.35,0.1,0.2,1
CUST023,1,2,1,2,4,5,8000,36,0.12,800,5000,3800,265,400,1.5,0.13,0.16,0.5,0.4,0.22,0.5,0.55,1
CUST024,1,3,1,0,15,15,2000,12,0.09,0,6500,4000,174,2500,14.36,0.02,0.0,0.0,1.0,0.05,1.0,0.85,0
CUST025,1,2,2,2,2,2,4500,24,0.13,400,3500,2800,214,300,1.4,0.1,0.11,0.5,0.25,0.28,0.2,0.68,1
CUST026,0,1,0,3,5,8,5000,24,0.14,200,3200,2200,240,800,3.33,0.13,0.06,0.6,0.5,0.15,0.8,0.4,0
CUST027,1,2,1,1,7,6,1200,6,0.1,150,4800,3200,205,1450,7.07,0.02,0.03,0.33,0.7,0.12,0.6,0.77,0
CUST028,1,1,2,2,1,1,7500,48,0.14,600,3800,3000,205,200,0.97,0.16,0.15,0.5,0.15,0.32,0.1,0.3,1
CUST029,1,3,1,0,10,10,9500,36,0.12,1200,9500,6500,315,1800,5.71,0.08,0.12,0.0,0.9,0.1,1.0,0.88,0
CUST030,0,1,1,2,3,4,2500,18,0.13,0,2800,2000,153,800,5.22,0.07,0.0,0.5,0.35,0.2,0.4,0.32,0
CUST031,1,2,2,1,4,2,3800,24,0.11,350,4200,3100,177,750,4.23,0.07,0.08,0.33,0.45,0.18,0.2,0.61,0
CUST032,1,3,1,2,20,20,5000,12,0.09,500,11000,7000,437,3500,8.0,0.03,0.04,0.5,1.0,0.04,1.0,0.95,0
CUST033,1,2,0,0,5,3,10000,60,0.14,1000,6000,4500,232,500,2.15,0.13,0.16,0.0,0.55,0.21,0.3,0.66,1
CUST034,0,1,2,2,2,1,1500,12,0.12,100,2400,2000,133,300,2.25,0.05,0.04,0.5,0.2,0.25,0.1,0.18,1
CUST035,1,2,1,3,8,12,6500,24,0.11,450,5800,4000,303,1350,4.45,0.09,0.07,0.6,0.8,0.14,1.0,0.72,0
CUST036,1,1,1,1,6,5,3000,24,0.12,200,3600,2800,141,600,4.25,0.06,0.05,0.33,0.6,0.17,0.5,0.54,0
CUST037,1,3,1,0,11,9,12000,48,0.13,1500,13000,9000,321,2500,7.78,0.07,0.11,0.0,0.92,0.09,0.9,0.89,0
CUST038,0,1,0,4,2,2,4000,36,0.15,300,3000,2500,138,200,1.44,0.11,0.1,0.8,0.25,0.3,0.2,0.25,1
CUST039,1,2,1,1,9,15,2200,12,0.1,400,5200,3800,193,1000,5.18,0.03,0.07,0.33,0.9,0.11,1.0,0.8,0
CUST040,1,2,2,2,3,2,5500,36,0.12,600,4500,3500,182,400,2.19,0.1,0.13,0.5,0.3,0.23,0.2,0.59,1
CUST041,1,3,1,1,14,12,18000,60,0.11,2000,15000,9000,391,4000,10.23,0.1,0.13,0.33,0.98,0.06,1.0,0.95,0
CUST042,0,1,2,3,1,1,2000,12,0.15,50,1800,1600,180,150,0.83,0.09,0.03,0.6,0.1,0.35,0.1,0.15,1
CUST043,1,2,1,2,6,8,7500,36,0.12,700,5500,4000,249,800,3.21,0.11,0.13,0.5,0.6,0.15,0.8,0.65,0
CUST044,1,1,1,0,2,2,4000,24,0.13,300,3200,2500,210,400,1.9,0.1,0.09,0.0,0.2,0.25,0.2,0.45,1
CUST045,1,2,0,1,8,10,5000,24,0.12,400,4800,3500,235,900,3.82,0.09,0.08,0.33,0.8,0.12,1.0,0.7,0
CUST046,0,2,2,2,4,4,3000,18,0.14,200,3500,2900,185,400,2.16,0.07,0.06,0.5,0.4,0.2,0.4,0.35,0
CUST047,1,3,1,2,10,15,10000,48,0.11,1500,10000,7000,258,1500,5.81,0.08,0.15,0.5,0.9,0.1,1.0,0.9,0
CUST048,1,1,2,1,3,2,6000,36,0.13,800,4200,3400,202,0,0.0,0.12,0.19,0.33,0.3,0.28,0.2,0.4,1
CUST049,1,2,1,0,7,5,2500,12,0.1,100,5000,3500,220,1400,6.36,0.04,0.02,0.0,0.7,0.14,0.5,0.75,0
CUST050,0,1,1,4,2,3,4500,24,0.15,300,2800,2400,218,100,0.45,0.13,0.11,0.8,0.2,0.3,0.3,0.25,1
CUST051,1,2,1,1,5,6,3500,24,0.11,200,4200,3200,163,800,4.9,0.07,0.05,0.33,0.5,0.15,0.6,0.68,0
CUST052,1,3,1,0,18,20,15000,60,0.1,2500,18000,12000,318,3500,11.0,0.07,0.14,0.0,1.0,0.05,1.0,0.98,0
CUST053,1,2,2,2,3,2,8000,48,0.14,1000,5200,4200,218,0,0.0,0.13,0.19,0.5,0.3,0.25,0.2,0.55,1
CUST054,0,1,0,2,9,15,2000,12,0.12,50,2500,1800,177,650,3.67,0.07,0.02,0.5,0.9,0.12,1.0,0.3,0
CUST055,1,2,1,1,4,4,5500,30,0.13,600,4800,3600,216,600,2.77,0.1,0.13,0.33,0.4,0.18,0.4,0.6,0
CUST056,1,1,2,2,1,1,1500,12,0.11,200,2800,2400,132,200,1.51,0.04,0.07,0.5,0.15,0.3,0.1,0.35,1
CUST057,1,3,1,0,12,10,12000,48,0.12,1800,11000,8000,316,1200,3.79,0.09,0.16,0.0,0.95,0.08,1.0,0.88,0
CUST058,0,1,1,3,2,5,3500,24,0.14,100,2400,2000,168,300,1.78,0.12,0.04,0.6,0.25,0.28,0.5,0.28,1
CUST059,1,2,1,1,6,12,4200,24,0.11,350,5600,4200,195,1050,5.38,0.06,0.06,0.33,0.6,0.14,1.0,0.72,0
CUST060,1,2,2,2,3,3,9000,48,0.14,1200,5800,4800,246,-200,0.0,0.13,0.21,0.5,0.35,0.26,0.3,0.5,1
CUST061,1,3,1,1,15,18,20000,60,0.1,3000,22000,15000,424,4000,9.43,0.08,0.14,0.33,1.0,0.05,1.0,0.97,0
CUST062,0,1,2,4,1,1,1000,12,0.15,0,1500,1400,90,100,1.11,0.06,0.0,0.8,0.1,0.4,0.1,0.12,1
CUST063,1,2,1,2,5,6,6000,36,0.12,500,4800,3800,199,500,2.51,0.1,0.1,0.5,0.5,0.18,0.6,0.66,0
CUST064,1,1,0,0,3,2,3000,24,0.13,200,3000,2500,142,300,2.11,0.08,0.07,0.0,0.35,0.22,0.2,0.48,0
CUST065,1,2,1,1,10,12,8000,36,0.11,800,6500,4500,262,1200,4.58,0.1,0.12,0.33,0.9,0.1,1.0,0.78,0
CUST066,0,1,2,2,2,2,4000,24,0.14,400,2800,2500,192,-100,0.0,0.12,0.14,0.5,0.25,0.28,0.2,0.22,1
CUST067,1,3,1,2,11,10,11000,48,0.12,1400,10500,8000,315,1100,3.49,0.09,0.13,0.5,0.92,0.09,1.0,0.85,0
CUST068,1,1,1,3,4,8,2000,12,0.1,250,3000,2300,175,450,2.57,0.06,0.08,0.6,0.4,0.2,0.8,0.55,0
CUST069,1,2,1,1,7,6,1500,6,0.09,100,4500,3200,256,1200,4.68,0.03,0.02,0.33,0.7,0.12,0.6,0.79,0
CUST070,0,1,2,2,2,1,5000,36,0.15,600,3200,2800,173,-200,0.0,0.13,0.19,0.5,0.25,0.32,0.1,0.2,1
CUST071,1,2,1,1,5,4,3000,24,0.11,300,4000,3200,139,500,3.59,0.06,0.08,0.33,0.5,0.18,0.4,0.62,0
CUST072,1,3,1,0,20,25,25000,60,0.1,4000,28000,18000,531,6000,11.29,0.07,0.14,0.0,1.0,0.04,1.0,0.99,0
CUST073,1,2,0,2,3,2,6500,48,0.14,900,4500,3800,177,-200,0.0,0.12,0.2,0.5,0.3,0.28,0.2,0.52,1
CUST074,0,1,1,2,8,12,2500,18,0.12,0,2600,2000,152,600,3.94,0.08,0.0,0.5,0.8,0.14,1.0,0.35,0
CUST075,1,2,1,1,4,4,4800,30,0.13,500,4500,3500,188,500,2.65,0.09,0.11,0.33,0.45,0.2,0.4,0.58,0
CUST076,1,1,2,1,1,1,1200,12,0.11,150,2500,2200,106,150,1.41,0.04,0.06,0.33,0.15,0.35,0.1,0.3,1
CUST077,1,3,1,0,13,11,14000,48,0.12,2000,12000,8500,369,1500,4.06,0.1,0.17,0.0,0.95,0.07,1.0,0.91,0
CUST078,0,1,1,3,2,6,3000,24,0.14,150,2200,1900,144,150,1.04,0.11,0.07,0.6,0.25,0.32,0.6,0.22,1
CUST079,1,2,1,1,7,14,5000,24,0.11,400,6000,4500,233,1100,4.72,0.07,0.07,0.33,0.7,0.12,1.0,0.76,0
CUST080,1,2,2,2,4,3,10000,60,0.15,1500,6500,5500,237,-500,0.0,0.13,0.23,0.5,0.4,0.24,0.3,0.55,1
CUST081,1,3,1,1,16,20,22000,60,0.1,3500,25000,17000,467,4500,9.63,0.07,0.14,0.33,1.0,0.05,1.0,0.98,0
CUST082,0,1,2,3,1,1,1500,12,0.15,100,1400,1300,135,0,0.0,0.09,0.07,0.6,0.1,0.38,0.1,0.18,1
CUST083,1,2,1,2,6,7,7000,36,0.12,650,5200,4200,232,350,1.5,0.11,0.13,0.5,0.6,0.16,0.7,0.64,1
CUST084,1,1,0,0,4,3,4500,24,0.13,300,3500,3000,214,200,0.93,0.11,0.09,0.0,0.4,0.22,0.3,0.42,1
CUST085,1,2,1,1,9,12,9000,48,0.12,900,7000,5500,237,600,2.53,0.11,0.13,0.33,0.85,0.12,1.0,0.74,0
CUST086,0,1,2,2,2,2,3500,24,0.14,350,2600,2300,168,-50,0.0,0.11,0.13,0.5,0.25,0.3,0.2,0.28,1
CUST087,1,3,1,2,12,10,13000,48,0.12,1600,11500,9000,372,900,2.41,0.09,0.14,0.5,0.94,0.08,1.0,0.87,0
CUST088,1,1,1,3,5,10,2500,12,0.1,300,3200,2600,219,300,1.36,0.07,0.09,0.6,0.5,0.18,1.0,0.52,0
CUST089,1,2,1,1,8,8,1800,6,0.1,150,4800,3500,308,1000,3.24,0.03,0.03,0.33,0.8,0.11,0.8,0.78,0
CUST090,0,1,2,2,2,1,6000,36,0.15,700,3500,3200,208,-400,0.0,0.14,0.2,0.5,0.25,0.35,0.1,0.22,1
CUST091,1,2,1,1,6,5,3500,24,0.11,350,4500,3600,163,550,3.37,0.06,0.08,0.33,0.6,0.16,0.5,0.65,0
CUST092,1,3,1,0,22,30,30000,60,0.1,5000,35000,22000,637,8000,12.55,0.07,0.14,0.0,1.0,0.03,1.0,0.99,0
CUST093,1,2,0,2,4,3,7000,48,0.14,1000,4800,4000,191,-200,0.0,0.12,0.21,0.5,0.4,0.25,0.3,0.58,1
CUST094,0,1,1,2,9,15,3000,18,0.12,50,2800,2200,183,550,3.0,0.09,0.02,0.5,0.9,0.11,1.0,0.32,0
CUST095,1,2,1,1,5,4,5000,30,0.13,550,4800,3800,196,450,2.29,0.09,0.11,0.33,0.5,0.19,0.4,0.6,0
CUST096,1,1,2,1,1,1,1500,12,0.11,200,2800,2500,132,100,0.75,0.04,0.07,0.33,0.15,0.38,0.1,0.28,1
CUST097,1,3,1,0,14,12,15000,48,0.12,2200,13000,9000,395,1800,4.55,0.1,0.17,0.0,0.96,0.07,1.0,0.92,0
CUST098,0,1,1,3,2,7,3500,24,0.14,200,2500,2200,168,100,0.59,0.12,0.08,0.6,0.25,0.3,0.7,0.25,1
CUST099,1,2,1,1,8,15,6000,24,0.11,500,6500,5000,279,1000,3.58,0.08,0.08,0.33,0.8,0.11,1.0,0.75,0
CUST100,1,2,2,2,5,4,12000,60,0.15,1800,7000,6000,285,-800,0.0,0.14,0.26,0.5,0.5,0.22,0.4,0.52,1
CUST101,1,3,1,2,10,8,15000,48,0.12,2000,14000,9000,395,3000,7.59,0.09,0.14,0.5,0.9,0.15,0.8,0.88,0
CUST102,0,1,2,5,1,1,2500,12,0.15,0,2000,1800,225,200,0.89,0.1,0.0,0.9,0.1,0.45,0.1,0.1,1
CUST103,1,2,1,1,6,5,5000,24,0.11,800,4500,3000,233,700,3.0,0.09,0.18,0.33,0.6,0.18,0.5,0.62,0
CUST104,1,1,0,0,2,2,3500,18,0.14,400,3000,2400,216,200,0.93,0.1,0.13,0.0,0.25,0.3,0.2,0.4,1
CUST105,1,2,1,2,7,10,6000,24,0.12,500,5200,3800,282,900,3.19,0.1,0.1,0.5,0.7,0.12,1.0,0.75,0
CUST106,0,1,2,2,3,3,2000,12,0.13,150,2600,2200,178,250,1.4,0.06,0.06,0.5,0.35,0.25,0.3,0.28,1
CUST107,1,3,1,1,15,20,12000,36,0.1,2500,16000,11000,387,2500,6.46,0.06,0.16,0.33,1.0,0.05,1.0,0.94,0
CUST108,1,2,2,3,4,2,8500,48,0.14,1100,4800,4000,232,-300,0.0,0.15,0.23,0.7,0.4,0.28,0.2,0.5,1
CUST109,1,1,1,2,5,12,2000,12,0.11,200,3500,2500,176,800,4.55,0.05,0.06,0.5,0.5,0.15,1.0,0.6,0
CUST110,0,2,0,1,9,15,4000,24,0.13,0,3800,3000,210,800,3.81,0.09,0.0,0.33,0.9,0.1,1.0,0.35,0
CUST111,1,2,1,0,8,6,7000,30,0.12,600,6000,4500,271,900,3.32,0.1,0.1,0.0,0.8,0.11,0.6,0.78,0
CUST112,1,1,2,2,2,1,3000,24,0.14,450,3200,2800,144,-50,0.0,0.08,0.14,0.5,0.2,0.32,0.1,0.3,1
CUST113,1,3,1,3,11,9,20000,60,0.11,3500,18000,12000,435,2500,5.75,0.09,0.19,0.6,0.92,0.1,0.9,0.85,0
CUST114,0,1,1,2,4,5,1500,12,0.12,100,2200,1800,133,300,2.26,0.06,0.05,0.5,0.45,0.22,0.5,0.25,1
CUST115,1,2,1,1,6,12,5500,24,0.11,400,5400,4000,256,1000,3.91,0.08,0.07,0.33,0.65,0.14,1.0,0.7,0
CUST116,1,1,2,2,1,1,1000,12,0.1,150,2400,2100,88,150,1.7,0.03,0.06,0.5,0.15,0.35,0.1,0.22,1
CUST117,1,3,1,0,20,25,30000,48,0.1,5000,25000,16000,761,4000,5.26,0.1,0.2,0.0,1.0,0.04,1.0,0.99,0
CUST118,0,1,0,4,2,2,5000,36,0.15,400,3200,2700,173,100,0.58,0.13,0.13,0.8,0.25,0.38,0.2,0.2,1
CUST119,1,2,1,1,7,15,2800,12,0.11,300,4800,3500,247,1000,4.05,0.05,0.06,0.33,0.75,0.13,1.0,0.8,0
CUST120,1,2,2,2,3,2,9500,60,0.14,1400,6000,5000,221,-400,0.0,0.13,0.23,0.5,0.35,0.28,0.2,0.55,1
CUST121,1,3,1,1,16,15,25000,60,0.1,4000,24000,16000,531,4000,7.53,0.09,0.17,0.33,1.0,0.05,1.0,0.96,0
CUST122,0,1,2,3,1,1,1800,12,0.15,100,1600,1500,162,0,0.0,0.09,0.06,0.6,0.1,0.4,0.1,0.15,1
CUST123,1,2,1,2,5,6,6500,36,0.12,600,5000,4000,216,400,1.85,0.11,0.12,0.5,0.5,0.2,0.6,0.65,1
CUST124,1,1,0,0,4,3,3200,24,0.13,250,3300,2700,152,350,2.3,0.08,0.08,0.0,0.4,0.22,0.3,0.48,0
CUST125,1,2,1,1,9,12,7500,36,0.11,750,6200,4500,245,950,3.88,0.1,0.12,0.33,0.85,0.12,1.0,0.78,0
CUST126,0,1,2,2,2,2,4200,24,0.14,450,2800,2500,202,-150,0.0,0.13,0.16,0.5,0.25,0.32,0.2,0.25,1
CUST127,1,3,1,2,12,12,14000,48,0.12,1800,11000,8500,369,700,1.9,0.11,0.16,0.5,0.92,0.08,1.0,0.85,1
CUST128,1,1,1,3,5,10,2800,12,0.1,350,3400,2600,246,450,1.83,0.07,0.1,0.6,0.5,0.18,1.0,0.55,1
CUST129,1,2,1,1,8,8,2000,6,0.1,200,5000,3600,342,1200,3.51,0.03,0.04,0.33,0.8,0.11,0.8,0.79,0
CUST130,0,1,2,2,2,1,5500,36,0.15,650,3400,3000,191,-250,0.0,0.13,0.19,0.5,0.25,0.35,0.1,0.22,1
CUST131,1,2,1,1,6,5,4000,24,0.11,400,4600,3500,186,700,3.76,0.07,0.09,0.33,0.6,0.16,0.5,0.66,0
CUST132,1,3,1,0,21,28,32000,60,0.1,5500,36000,24000,679,6500,9.57,0.07,0.15,0.0,1.0,0.04,1.0,0.98,0
CUST133,1,2,0,2,4,3,7500,48,0.14,1100,5000,4200,205,-300,0.0,0.13,0.22,0.5,0.4,0.26,0.3,0.56,1
CUST134,0,1,1,2,10,15,3500,18,0.12,100,3000,2400,213,500,2.35,0.1,0.03,0.5,0.95,0.1,1.0,0.3,0
CUST135,1,2,1,1,5,4,5500,30,0.13,600,5000,4000,216,400,1.85,0.09,0.12,0.33,0.5,0.19,0.4,0.61,1
CUST136,1,1,2,1,2,1,1800,12,0.11,250,3000,2500,159,250,1.57,0.05,0.08,0.33,0.2,0.35,0.1,0.32,1
CUST137,1,3,1,0,15,14,16000,48,0.12,2500,14000,10000,421,1500,3.56,0.1,0.18,0.0,1.0,0.06,1.0,0.93,0
CUST138,0,1,1,3,3,8,4000,24,0.14,300,2800,2400,192,100,0.52,0.12,0.11,0.6,0.3,0.32,0.8,0.25,1
CUST139,1,2,1,1,9,18,6500,24,0.11,550,6800,5200,303,1050,3.47,0.08,0.08,0.33,0.85,0.12,1.0,0.78,0
CUST140,1,2,2,2,6,5,13000,60,0.15,2000,7500,6500,309,-1000,0.0,0.14,0.27,0.5,0.6,0.2,0.5,0.55,1
CUST141,1,3,1,1,18,22,25000,60,0.1,4000,28000,19000,531,5000,9.42,0.07,0.14,0.33,1.0,0.04,1.0,0.99,0
CUST142,0,1,2,3,1,1,1200,12,0.15,50,1500,1400,108,50,0.46,0.07,0.03,0.6,0.1,0.42,0.1,0.15,1
CUST143,1,2,1,2,7,8,8000,36,0.12,800,5500,4500,265,200,0.75,0.12,0.15,0.5,0.7,0.18,0.8,0.66,1
CUST144,1,1,0,0,4,4,5000,24,0.13,400,3800,3200,238,200,0.84,0.11,0.11,0.0,0.4,0.24,0.4,0.44,1
CUST145,1,2,1,1,10,14,10000,48,0.12,1000,7500,5800,264,700,2.65,0.11,0.13,0.33,0.9,0.11,1.0,0.76,0
CUST146,0,1,2,2,3,3,4000,24,0.14,400,2800,2500,192,-100,0.0,0.12,0.14,0.5,0.35,0.3,0.3,0.29,1
CUST147,1,3,1,2,14,12,15000,48,0.12,2000,12500,9500,429,1000,2.33,0.1,0.16,0.5,0.96,0.07,1.0,0.89,1
CUST148,1,1,1,3,6,12,3000,12,0.1,400,3500,2800,264,300,1.14,0.07,0.11,0.6,0.6,0.15,1.0,0.58,0
CUST149,1,2,1,1,9,10,2500,6,0.1,250,5200,3800,429,1150,2.68,0.04,0.05,0.33,0.85,0.1,1.0,0.81,0
CUST150,0,1,2,2,3,2,6500,36,0.15,800,3800,3500,225,-500,0.0,0.14,0.21,0.5,0.35,0.38,0.2,0.24,1
CUST151,1,3,1,1,12,10,14000,48,0.11,1800,13000,8500,364,2700,7.42,0.09,0.14,0.33,0.95,0.07,1.0,0.9,0
CUST152,0,1,2,4,1,1,3000,12,0.15,100,1900,1700,270,100,0.37,0.13,0.05,0.8,0.1,0.42,0.1,0.12,1
CUST153,1,2,1,2,5,6,7000,36,0.12,750,5200,4000,232,450,1.94,0.11,0.14,0.5,0.5,0.18,0.6,0.64,0
CUST154,1,1,0,0,3,2,4200,24,0.13,350,3200,2700,200,150,0.75,0.11,0.11,0.0,0.3,0.28,0.2,0.42,1
CUST155,1,2,1,1,8,12,5000,24,0.11,450,5500,4200,233,850,3.65,0.08,0.08,0.33,0.8,0.12,1.0,0.72,0
CUST156,0,1,2,2,2,2,2500,12,0.14,200,2800,2400,224,200,0.89,0.07,0.07,0.5,0.25,0.32,0.2,0.25,1
CUST157,1,3,1,0,14,18,11000,36,0.1,2200,15000,10000,355,2800,7.89,0.06,0.15,0.0,1.0,0.06,1.0,0.92,0
CUST158,1,2,2,3,4,3,9000,48,0.14,1200,5000,4500,246,-700,0.0,0.15,0.24,0.7,0.4,0.26,0.3,0.52,1
CUST159,1,1,1,2,6,15,2500,12,0.11,300,3800,2800,221,700,3.17,0.05,0.08,0.5,0.6,0.14,1.0,0.65,0
CUST160,0,2,0,1,10,20,3500,24,0.12,0,3200,2500,165,700,4.24,0.09,0.0,0.33,0.95,0.1,1.0,0.38,0
CUST161,1,2,1,0,9,7,8000,30,0.12,700,6500,4800,310,1000,3.23,0.1,0.11,0.0,0.85,0.11,0.7,0.8,0
CUST162,1,1,2,2,2,1,3500,24,0.14,500,3500,3100,168,-100,0.0,0.08,0.14,0.5,0.2,0.35,0.1,0.32,1
CUST163,1,3,1,3,12,10,22000,60,0.11,3800,20000,14000,478,2200,4.6,0.09,0.19,0.6,0.94,0.09,1.0,0.88,0
CUST164,0,1,1,2,5,4,2000,12,0.13,150,2500,2100,178,250,1.4,0.07,0.06,0.5,0.4,0.25,0.4,0.28,1
CUST165,1,2,1,1,7,14,6000,24,0.11,500,5800,4300,280,1000,3.57,0.09,0.09,0.33,0.7,0.15,1.0,0.75,0
CUST166,1,1,2,2,1,1,1200,12,0.1,200,2600,2300,105,100,0.95,0.04,0.08,0.5,0.1,0.38,0.1,0.24,1
CUST167,1,3,1,0,25,30,35000,48,0.1,5500,30000,20000,888,4500,5.07,0.1,0.18,0.0,1.0,0.04,1.0,0.98,0
CUST168,0,1,0,4,2,3,5500,36,0.15,500,3500,3000,191,0,0.0,0.13,0.14,0.8,0.2,0.4,0.3,0.22,1
CUST169,1,2,1,1,8,18,3200,12,0.11,400,5200,3800,282,1000,3.55,0.05,0.08,0.33,0.8,0.14,1.0,0.82,0
CUST170,1,2,2,2,3,2,10000,60,0.15,1600,6500,5600,237,-700,0.0,0.13,0.25,0.5,0.3,0.3,0.2,0.58,1
CUST171,1,3,1,1,18,20,28000,60,0.1,4500,26000,18000,595,3500,5.88,0.09,0.17,0.33,1.0,0.05,1.0,0.97,0
CUST172,0,1,2,3,1,1,2000,12,0.15,150,1800,1700,180,-50,0.0,0.09,0.08,0.6,0.1,0.45,0.1,0.18,1
CUST173,1,2,1,2,6,7,7500,36,0.12,850,5400,4300,249,250,1.0,0.12,0.16,0.5,0.6,0.2,0.7,0.66,1
CUST174,1,1,0,0,5,5,4000,24,0.13,350,3600,3000,190,250,1.32,0.09,0.1,0.0,0.45,0.24,0.5,0.5,0
CUST175,1,2,1,1,10,15,8500,36,0.11,900,6800,4800,278,1100,3.96,0.1,0.13,0.33,0.9,0.12,1.0,0.8,0
CUST176,0,1,2,2,2,2,4500,24,0.14,500,3000,2700,216,-200,0.0,0.13,0.17,0.5,0.25,0.35,0.2,0.28,1
CUST177,1,3,1,2,13,12,15000,48,0.12,2000,12000,9000,429,1000,2.33,0.1,0.17,0.5,0.95,0.08,1.0,0.88,1
CUST178,1,1,1,3,6,12,3200,12,0.1,450,3600,2800,281,350,1.25,0.07,0.13,0.6,0.6,0.18,1.0,0.58,0
CUST179,1,2,1,1,9,10,2800,6,0.1,300,5400,4000,480,1100,2.29,0.04,0.06,0.33,0.85,0.12,1.0,0.81,0
CUST180,0,1,2,2,3,1,6000,36,0.15,700,3600,3200,208,-300,0.0,0.14,0.19,0.5,0.3,0.38,0.1,0.25,1
CUST181,1,2,1,1,6,5,4200,24,0.11,400,4800,3700,195,700,3.59,0.07,0.08,0.33,0.6,0.18,0.5,0.68,0
CUST182,1,3,1,0,22,25,35000,60,0.1,6000,38000,25000,743,7000,9.42,0.08,0.16,0.0,1.0,0.04,1.0,0.99,0
CUST183,1,2,0,2,4,3,8000,48,0.14,1200,5200,4400,218,-400,0.0,0.13,0.23,0.5,0.4,0.28,0.3,0.58,1
CUST184,0,1,1,2,11,18,3800,18,0.12,150,3200,2500,232,550,2.37,0.1,0.05,0.5,0.98,0.1,1.0,0.32,0
CUST185,1,2,1,1,5,4,6000,30,0.13,650,5200,4100,236,450,1.91,0.1,0.13,0.33,0.5,0.2,0.4,0.62,1
CUST186,1,1,2,1,2,1,2000,12,0.11,300,3200,2700,177,200,1.13,0.05,0.09,0.33,0.2,0.38,0.1,0.35,1
CUST187,1,3,1,0,16,15,18000,48,0.12,2800,15000,11000,474,1200,2.53,0.1,0.19,0.0,1.0,0.07,1.0,0.94,0
CUST188,0,1,1,3,3,9,4500,24,0.14,350,3000,2600,216,50,0.23,0.13,0.12,0.6,0.3,0.35,0.9,0.28,1
CUST189,1,2,1,1,9,20,7000,24,0.11,600,7200,5500,326,1100,3.37,0.08,0.08,0.33,0.85,0.14,1.0,0.8,0
CUST190,1,2,2,2,6,6,14000,60,0.15,2200,8000,7000,333,-1200,0.0,0.15,0.28,0.5,0.6,0.22,0.6,0.58,1
CUST191,1,3,1,1,20,25,28000,60,0.1,4500,32000,22000,595,5500,9.24,0.07,0.14,0.33,1.0,0.04,1.0,0.99,0
CUST192,0,1,2,3,1,1,1500,12,0.15,100,1600,1500,135,0,0.0,0.09,0.06,0.6,0.1,0.48,0.1,0.18,1
CUST193,1,2,1,2,8,10,9000,36,0.12,900,6000,4800,299,300,1.0,0.13,0.15,0.5,0.75,0.18,1.0,0.68,1
CUST194,1,1,0,0,5,5,5500,24,0.13,450,4200,3500,262,250,0.95,0.11,0.11,0.0,0.45,0.25,0.5,0.48,1
CUST195,1,2,1,1,12,15,12000,48,0.12,1200,8500,6500,316,800,2.53,0.12,0.14,0.33,0.92,0.12,1.0,0.78,0
CUST196,0,1,2,2,3,3,4500,24,0.14,450,3000,2700,216,-150,0.0,0.13,0.15,0.5,0.35,0.32,0.3,0.3,1
CUST197,1,3,1,2,15,14,18000,48,0.12,2400,14000,10500,515,1100,2.14,0.11,0.17,0.5,0.98,0.08,1.0,0.92,1
CUST198,1,1,1,3,7,14,3500,12,0.1,500,4000,3200,308,300,0.97,0.07,0.13,0.6,0.65,0.18,1.0,0.6,1
CUST199,1,2,1,1,10,12,3000,6,0.1,350,5500,4000,514,1150,2.24,0.05,0.06,0.33,0.88,0.12,1.0,0.85,0
CUST200,0,1,2,2,4,3,7000,36,0.15,900,4000,3600,243,-500,0.0,0.15,0.23,0.5,0.35,0.4,0.3,0.26,1
CUST201,1,3,1,1,13,11,16000,48,0.11,2100,14500,9500,414,2900,7.0,0.09,0.14,0.33,0.95,0.07,1.0,0.92,0
CUST202,0,1,2,4,1,1,3200,12,0.15,150,2100,1900,289,50,0.17,0.13,0.07,0.8,0.1,0.45,0.1,0.14,1
CUST203,1,2,1,2,6,7,7800,36,0.12,900,5800,4500,259,400,1.54,0.11,0.16,0.5,0.55,0.2,0.7,0.68,1
CUST204,1,1,0,0,4,3,4500,24,0.13,400,3500,3000,214,100,0.47,0.11,0.11,0.0,0.35,0.25,0.3,0.44,1
CUST205,1,2,1,1,9,14,5500,24,0.11,500,6000,4500,256,1000,3.91,0.08,0.08,0.33,0.85,0.12,1.0,0.78,0
CUST206,0,1,2,2,2,3,2800,12,0.14,250,3000,2600,251,150,0.6,0.08,0.08,0.5,0.3,0.35,0.3,0.26,1
CUST207,1,3,1,0,15,20,12500,36,0.1,2400,17000,11500,403,3100,7.69,0.06,0.14,0.0,1.0,0.06,1.0,0.95,0
CUST208,1,2,2,3,5,4,9500,48,0.14,1300,5500,4800,260,-600,0.0,0.14,0.24,0.7,0.45,0.28,0.4,0.55,1
CUST209,1,1,1,2,7,18,3000,12,0.11,350,4200,3100,265,750,2.83,0.06,0.08,0.5,0.65,0.16,1.0,0.68,0
CUST210,0,2,0,1,12,25,3800,24,0.12,50,3500,2800,179,650,3.63,0.09,0.01,0.33,0.98,0.1,1.0,0.4,0
CUST211,1,2,1,0,10,8,8500,30,0.12,800,7000,5200,329,1000,3.04,0.1,0.11,0.0,0.9,0.12,0.8,0.82,0
CUST212,1,1,2,2,3,2,4000,24,0.14,550,3800,3400,192,-150,0.0,0.09,0.14,0.5,0.25,0.38,0.2,0.35,1
CUST213,1,3,1,3,14,12,24000,60,0.11,4200,22000,16000,522,1800,3.45,0.09,0.19,0.6,0.96,0.1,1.0,0.9,1
CUST214,0,1,1,2,6,6,2200,12,0.13,200,2800,2400,196,200,1.02,0.07,0.07,0.5,0.45,0.28,0.6,0.3,1
CUST215,1,2,1,1,8,15,6200,24,0.11,450,6200,4600,289,1150,3.98,0.08,0.07,0.33,0.75,0.16,1.0,0.72,0
CUST216,1,1,2,2,2,2,1500,12,0.1,250,2900,2600,132,50,0.38,0.04,0.09,0.5,0.15,0.4,0.2,0.28,1
CUST217,1,3,1,0,28,35,40000,48,0.1,6000,35000,24000,1015,4985,4.91,0.1,0.17,0.0,1.0,0.05,1.0,0.99,0
CUST218,0,1,0,4,3,4,6000,36,0.15,600,3800,3400,208,-200,0.0,0.13,0.16,0.8,0.25,0.42,0.4,0.24,1
CUST219,1,2,1,1,9,20,3500,12,0.11,450,5500,4100,309,950,3.07,0.05,0.08,0.33,0.8,0.15,1.0,0.85,0
CUST220,1,2,2,2,4,3,11000,60,0.15,1800,7000,6200,261,-1000,0.0,0.13,0.26,0.5,0.35,0.35,0.3,0.6,1
CUST221,1,3,1,1,20,22,30000,60,0.1,5000,28000,19000,637,4000,6.28,0.09,0.18,0.33,1.0,0.06,1.0,0.98,0
CUST222,0,1,2,3,1,1,2500,12,0.15,200,2100,2000,225,-100,0.0,0.1,0.1,0.6,0.1,0.48,0.1,0.2,1
CUST223,1,2,1,2,7,8,8500,36,0.12,950,5800,4700,282,150,0.53,0.12,0.16,0.5,0.65,0.22,0.8,0.68,1
CUST224,1,1,0,0,6,6,4800,24,0.13,400,4200,3600,228,200,0.88,0.09,0.1,0.0,0.5,0.26,0.6,0.52,1
CUST225,1,2,1,1,11,18,9000,36,0.11,1000,7500,5400,294,1100,3.74,0.1,0.13,0.33,0.92,0.14,1.0,0.82,0
CUST226,0,1,2,2,3,3,4800,24,0.14,500,3200,2900,230,-200,0.0,0.12,0.16,0.5,0.3,0.38,0.3,0.28,1
CUST227,1,3,1,2,14,14,15000,48,0.12,2000,12500,9500,429,1000,2.33,0.1,0.16,0.5,0.96,0.08,1.0,0.88,1
CUST228,1,1,1,3,6,12,3200,12,0.1,400,3800,3000,281,400,1.42,0.07,0.11,0.6,0.55,0.2,1.0,0.58,0
CUST229,1,2,1,1,10,12,2500,6,0.1,250,5500,4000,429,1250,2.91,0.04,0.05,0.33,0.88,0.12,1.0,0.85,0
CUST230,0,1,2,2,2,1,6500,36,0.15,800,3800,3500,225,-500,0.0,0.14,0.21,0.5,0.25,0.4,0.1,0.25,1
CUST231,1,2,1,1,7,6,4500,24,0.11,450,5200,4100,210,650,3.1,0.07,0.09,0.33,0.65,0.18,0.6,0.68,0
CUST232,1,3,1,0,24,30,35000,60,0.1,6000,40000,28000,743,6000,8.08,0.07,0.15,0.0,1.0,0.04,1.0,0.99,0
CUST233,1,2,0,2,5,4,8000,48,0.14,1200,5500,4800,218,-500,0.0,0.12,0.22,0.5,0.45,0.28,0.4,0.58,1
CUST234,0,1,1,2,11,20,3800,18,0.12,150,3400,2800,232,450,1.94,0.09,0.04,0.5,0.98,0.12,1.0,0.34,0
CUST235,1,2,1,1,6,5,6500,30,0.13,750,5500,4500,256,250,0.98,0.1,0.14,0.33,0.55,0.22,0.5,0.64,1
CUST236,1,1,2,1,3,2,2200,12,0.11,350,3200,2800,194,50,0.26,0.06,0.11,0.33,0.25,0.38,0.2,0.35,1
CUST237,1,3,1,0,18,15,18000,48,0.12,2800,16000,12000,474,1200,2.53,0.1,0.18,0.0,1.0,0.08,1.0,0.94,0
CUST238,0,1,1,3,4,10,4800,24,0.14,400,3200,2800,230,0,0.0,0.12,0.13,0.6,0.35,0.35,1.0,0.28,1
CUST239,1,2,1,1,10,22,7500,24,0.11,650,7500,5800,349,1050,3.01,0.08,0.09,0.33,0.9,0.14,1.0,0.82,0
CUST240,1,2,2,2,7,6,15000,60,0.15,2500,8500,7500,356,-1500,0.0,0.15,0.29,0.5,0.65,0.24,0.6,0.58,1
CUST241,1,3,1,1,22,25,32000,60,0.1,5000,35000,24000,679,4321,6.36,0.08,0.14,0.33,1.0,0.05,1.0,0.99,0
CUST242,0,1,2,3,1,1,1800,12,0.15,150,1700,1600,162,-62,0.0,0.09,0.09,0.6,0.1,0.48,0.1,0.15,1
CUST243,1,2,1,2,8,10,9500,36,0.12,1000,6500,5200,316,300,0.95,0.12,0.15,0.5,0.75,0.2,1.0,0.68,1
CUST244,1,1,0,0,6,6,6000,24,0.13,500,4800,4000,285,300,1.05,0.1,0.1,0.0,0.5,0.28,0.6,0.5,1
CUST245,1,2,1,1,12,15,11000,48,0.12,1400,9000,7000,333,600,1.8,0.1,0.16,0.33,0.92,0.14,1.0,0.78,1
CUST246,0,1,2,2,3,3,4500,24,0.14,500,3200,2900,216,-200,0.0,0.12,0.16,0.5,0.3,0.4,0.3,0.28,1
CUST247,1,3,1,2,16,14,18000,48,0.12,2400,15000,11000,515,1600,3.11,0.1,0.16,0.5,1.0,0.08,1.0,0.9,0
CUST248,1,1,1,3,7,12,3500,12,0.1,500,4000,3200,308,300,0.97,0.07,0.13,0.6,0.65,0.2,1.0,0.6,1
CUST249,1,2,1,1,10,12,2800,6,0.1,300,5800,4200,480,1300,2.71,0.04,0.05,0.33,0.88,0.14,1.0,0.85,0
CUST250,0,1,2,2,4,3,7500,36,0.15,900,4200,3800,260,-500,0.0,0.15,0.21,0.5,0.4,0.42,0.3,0.26,1
CUST251,1,3,1,1,15,12,20000,60,0.11,3000,18000,12000,435,3000,6.9,0.09,0.17,0.33,1.0,0.08,1.0,0.92,0
CUST252,0,1,2,4,1,1,3500,12,0.15,150,2200,2000,316,-116,0.0,0.13,0.07,0.8,0.1,0.5,0.1,0.12,1
CUST253,1,2,1,2,8,10,8000,36,0.12,1000,6500,5000,265,500,1.89,0.1,0.15,0.5,0.75,0.18,1.0,0.7,1
CUST254,1,1,0,0,5,4,5000,24,0.13,450,4200,3500,238,250,1.05,0.1,0.11,0.0,0.45,0.28,0.4,0.5,1
CUST255,1,2,1,1,10,12,11000,48,0.12,1500,9500,7000,333,1000,3.0,0.1,0.16,0.33,0.9,0.12,1.0,0.8,0
CUST256,0,1,2,2,3,3,4800,24,0.14,550,3500,3100,230,-150,0.0,0.11,0.16,0.5,0.3,0.38,0.3,0.3,1
CUST257,1,3,1,2,16,14,18000,48,0.12,2400,16000,12000,515,1600,3.11,0.09,0.15,0.5,1.0,0.08,1.0,0.9,0
CUST258,1,1,1,3,7,12,3800,12,0.1,550,4500,3600,334,350,1.05,0.07,0.12,0.6,0.65,0.22,1.0,0.62,1
CUST259,1,2,1,1,11,14,3000,6,0.1,350,6200,4600,514,1250,2.43,0.04,0.06,0.33,0.9,0.14,1.0,0.85,0
CUST260,0,1,2,2,5,4,8000,36,0.15,1000,4800,4200,277,-400,0.0,0.14,0.21,0.5,0.45,0.45,0.4,0.28,1
CUST261,1,3,1,1,18,15,22000,60,0.11,3500,20000,14000,478,2500,5.23,0.09,0.18,0.33,1.0,0.09,1.0,0.94,0
CUST262,0,1,2,4,1,1,4000,12,0.15,200,2500,2300,361,-161,0.0,0.13,0.08,0.8,0.1,0.55,0.1,0.14,1
CUST263,1,2,1,2,9,12,9000,36,0.12,1200,7500,5800,299,500,1.67,0.1,0.16,0.5,0.85,0.2,1.0,0.72,1
CUST264,1,1,0,0,6,5,6000,24,0.13,600,5200,4400,285,200,0.7,0.1,0.12,0.0,0.55,0.3,0.5,0.52,1
CUST265,1,2,1,1,12,16,12000,48,0.12,1600,10500,8000,364,900,2.47,0.1,0.15,0.33,0.94,0.14,1.0,0.82,0
CUST266,0,1,2,2,4,4,5500,24,0.14,600,3800,3400,264,-200,0.0,0.12,0.16,0.5,0.35,0.4,0.4,0.3,1
CUST267,1,3,1,2,18,18,20000,48,0.12,2800,18000,13000,573,2200,3.84,0.09,0.16,0.5,1.0,0.09,1.0,0.92,0
CUST268,1,1,1,3,8,14,4200,12,0.1,650,5200,4200,370,350,0.95,0.07,0.13,0.6,0.75,0.24,1.0,0.64,1
CUST269,1,2,1,1,12,16,3500,6,0.1,400,6800,5200,600,1000,1.67,0.04,0.06,0.33,0.94,0.16,1.0,0.88,0
CUST270,0,1,2,2,6,5,9000,36,0.15,1200,5500,4800,312,-500,0.0,0.14,0.22,0.5,0.5,0.48,0.5,0.32,1
CUST271,1,3,1,1,20,18,25000,60,0.11,4000,22000,16000,544,2000,3.68,0.09,0.18,0.33,1.0,0.1,1.0,0.95,0
CUST272,0,1,2,4,1,1,4500,12,0.15,250,2800,2600,406,-206,0.0,0.13,0.09,0.8,0.1,0.58,0.1,0.15,1
CUST273,1,2,1,2,10,14,10000,36,0.12,1400,8500,6500,332,600,1.81,0.1,0.16,0.5,0.9,0.22,1.0,0.75,1
CUST274,1,1,0,0,7,6,7000,24,0.13,700,6000,5000,332,300,0.9,0.1,0.12,0.0,0.6,0.32,0.6,0.55,1
CUST275,1,2,1,1,14,20,13000,48,0.12,1800,11500,9000,395,700,1.77,0.1,0.16,0.33,0.96,0.15,1.0,0.84,1
CUST276,0,1,2,2,5,5,6500,24,0.14,750,4500,4000,312,-250,0.0,0.12,0.17,0.5,0.4,0.42,0.5,0.32,1
CUST277,1,3,1,2,20,22,25000,48,0.12,3500,22000,16000,716,2500,3.49,0.09,0.16,0.5,1.0,0.1,1.0,0.96,0
CUST278,1,1,1,3,9,16,4800,12,0.1,750,6000,4800,422,450,1.07,0.07,0.13,0.6,0.8,0.26,1.0,0.66,1
CUST279,1,2,1,1,14,18,4000,6,0.1,500,7500,5800,686,1200,1.75,0.04,0.07,0.33,0.96,0.18,1.0,0.9,0
CUST280,0,1,2,2,7,6,10000,36,0.15,1500,6500,5600,347,-600,0.0,0.13,0.23,0.5,0.55,0.52,0.6,0.35,1
CUST281,1,3,1,1,22,20,28000,60,0.11,4500,25000,18000,609,2500,4.11,0.09,0.18,0.33,1.0,0.12,1.0,0.97,0
CUST282,0,1,2,4,1,1,5000,12,0.15,300,3200,3000,451,-251,0.0,0.13,0.09,0.8,0.1,0.62,0.1,0.18,1
CUST283,1,2,1,2,12,16,11000,36,0.12,1600,9500,7500,366,400,1.09,0.1,0.17,0.5,0.92,0.24,1.0,0.78,1
CUST284,1,1,0,0,8,8,8000,24,0.13,850,7000,6000,380,150,0.39,0.1,0.12,0.0,0.7,0.35,0.8,0.58,1
CUST285,1,2,1,1,16,22,14000,48,0.12,2000,12500,10000,425,500,1.18,0.1,0.16,0.33,0.98,0.16,1.0,0.86,1
CUST286,0,1,2,2,6,6,7500,24,0.14,900,5200,4600,360,-300,0.0,0.12,0.17,0.5,0.45,0.45,0.6,0.35,1
CUST287,1,3,1,2,22,25,30000,48,0.12,4000,28000,20000,859,4000,4.66,0.09,0.14,0.5,1.0,0.12,1.0,0.98,0
CUST288,1,1,1,3,10,18,5500,12,0.1,900,7000,5500,484,600,1.24,0.07,0.13,0.6,0.85,0.28,1.0,0.68,1
CUST289,1,2,1,1,16,20,4500,6,0.1,600,8500,6500,772,1400,1.81,0.04,0.07,0.33,0.98,0.2,1.0,0.92,0
CUST290,0,1,2,2,8,8,12000,36,0.15,1800,8000,7000,415,-815,0.0,0.13,0.23,0.5,0.6,0.55,0.8,0.38,1
CUST291,1,3,1,1,24,25,32000,60,0.11,5000,30000,22000,696,3000,4.31,0.09,0.17,0.33,1.0,0.14,1.0,0.99,0
CUST292,0,1,2,4,1,1,5500,12,0.15,350,3500,3300,496,-296,0.0,0.13,0.1,0.8,0.1,0.65,0.1,0.2,1
CUST293,1,2,1,2,14,18,12000,36,0.12,1800,10500,8000,399,700,1.75,0.1,0.17,0.5,0.94,0.26,1.0,0.82,1
CUST294,1,1,0,0,9,10,9000,24,0.13,1000,8000,6500,428,500,1.17,0.1,0.13,0.0,0.75,0.38,1.0,0.62,1
CUST295,1,2,1,1,18,25,15000,48,0.12,2400,14000,11000,455,600,1.32,0.1,0.17,0.33,1.0,0.18,1.0,0.88,1
CUST296,0,1,2,2,7,7,8500,24,0.14,1000,6000,5400,408,-408,0.0,0.12,0.17,0.5,0.5,0.48,0.7,0.38,1
CUST297,1,3,1,2,25,30,35000,48,0.12,5000,35000,25000,1002,5000,4.99,0.09,0.14,0.5,1.0,0.15,1.0,0.99,0
CUST298,1,1,1,3,12,20,6000,12,0.1,1000,8000,6500,528,500,0.95,0.07,0.13,0.6,0.9,0.3,1.0,0.7,1
CUST299,1,2,1,1,18,22,5000,6,0.1,700,9500,7500,858,1300,1.52,0.04,0.07,0.33,1.0,0.22,1.0,0.94,0
CUST300,0,1,2,2,9,9,14000,36,0.15,2200,9500,8500,485,-1200,0.0,0.14,0.23,0.5,0.7,0.58,0.9,0.42,1
CUST301,1,3,1,0,5,2,25000,60,0.11,5000,18000,12000,544,1000,1.84,0.11,0.28,0.0,0.4,0.15,0.2,0.85,1
CUST302,1,1,1,1,15,10,2000,12,0.1,0,2500,1800,176,700,3.98,0.07,0.0,0.33,0.95,0.08,0.8,0.55,0
CUST303,0,2,2,3,4,3,6000,36,0.14,400,4500,4000,205,100,0.49,0.11,0.09,0.7,0.45,0.35,0.3,0.3,1
CUST304,1,2,1,2,8,12,12000,48,0.12,1500,8500,6000,316,1000,3.16,0.12,0.18,0.5,0.85,0.18,1.0,0.78,0
CUST305,1,3,2,1,2,1,15000,36,0.13,3000,12000,8000,505,1000,1.98,0.1,0.25,0.33,0.2,0.22,0.1,0.88,1
CUST306,1,2,1,4,10,15,8000,36,0.12,1200,7000,5500,265,300,1.13,0.1,0.17,0.85,0.9,0.12,1.0,0.65,1
CUST307,0,1,0,2,7,8,3000,24,0.14,100,2800,2200,144,500,3.47,0.09,0.04,0.5,0.75,0.25,0.8,0.35,0
CUST308,1,2,1,1,6,5,4000,24,0.11,600,4200,3200,186,400,2.15,0.08,0.14,0.33,0.65,0.2,0.5,0.6,0
CUST309,1,1,2,2,1,1,1500,12,0.15,200,2400,2100,135,100,0.74,0.05,0.08,0.5,0.1,0.4,0.1,0.22,1
CUST310,1,3,1,0,20,25,30000,60,0.1,4000,25000,16000,637,5000,7.85,0.1,0.16,0.0,1.0,0.05,1.0,0.95,0
CUST311,1,2,1,3,5,6,9000,48,0.13,1100,5500,4500,246,-100,0.0,0.14,0.2,0.7,0.55,0.28,0.6,0.58,1
CUST312,0,1,2,2,3,2,2500,18,0.14,300,3000,2600,155,100,0.65,0.07,0.1,0.5,0.35,0.38,0.2,0.25,1
CUST313,1,3,1,2,15,12,18000,48,0.11,2500,16000,11000,464,2500,5.39,0.09,0.16,0.5,1.0,0.08,1.0,0.92,0
CUST314,1,2,0,1,8,10,5000,24,0.12,400,4800,3600,235,800,3.4,0.09,0.08,0.33,0.8,0.14,1.0,0.7,0
CUST315,1,1,1,3,6,8,3500,12,0.11,600,4000,3200,309,200,0.65,0.07,0.15,0.6,0.6,0.22,0.8,0.52,1
CUST316,0,1,2,2,2,2,1200,12,0.15,100,1800,1600,108,100,0.93,0.06,0.06,0.5,0.25,0.45,0.2,0.18,1
CUST317,1,3,1,0,18,15,22000,48,0.1,3500,20000,14000,557,2500,4.49,0.09,0.18,0.0,1.0,0.06,1.0,0.94,0
CUST318,1,2,1,1,9,14,7500,36,0.12,800,6500,4800,249,900,3.61,0.1,0.12,0.33,0.85,0.15,1.0,0.76,0
CUST319,1,2,2,2,4,3,10000,60,0.14,1500,6000,5200,233,-700,0.0,0.14,0.25,0.5,0.45,0.3,0.3,0.55,1
CUST320,0,1,1,2,10,12,2800,18,0.12,50,3200,2500,171,650,3.8,0.07,0.02,0.5,0.95,0.1,1.0,0.35,0
CUST321,1,3,1,1,16,15,28000,60,0.1,4500,25000,17000,595,3500,5.88,0.09,0.18,0.33,1.0,0.05,1.0,0.98,0
CUST322,1,1,2,3,2,1,3000,24,0.14,400,3500,3000,144,100,0.69,0.07,0.11,0.6,0.25,0.35,0.1,0.28,1
CUST323,1,2,1,2,7,8,8500,36,0.12,1000,5800,4700,282,100,0.35,0.12,0.17,0.5,0.7,0.24,0.8,0.68,1
CUST324,1,1,0,0,5,5,5000,24,0.13,450,4200,3500,238,250,1.05,0.1,0.11,0.0,0.45,0.26,0.5,0.5,1
CUST325,1,2,1,1,12,15,11000,48,0.12,1400,9000,7000,333,600,1.8,0.1,0.16,0.33,0.92,0.14,1.0,0.78,1
CUST326,0,1,2,2,3,3,4500,24,0.14,500,3200,2900,216,-200,0.0,0.12,0.16,0.5,0.3,0.42,0.3,0.28,1
CUST327,1,3,1,2,18,18,22000,48,0.12,3200,18000,13000,573,1800,3.14,0.1,0.18,0.5,1.0,0.08,1.0,0.95,0
CUST328,1,2,1,1,10,12,4000,12,0.11,350,5500,4200,353,950,2.69,0.06,0.06,0.33,0.88,0.12,1.0,0.72,0
CUST329,1,1,2,2,2,1,2200,12,0.14,300,2800,2500,197,0,0.0,0.07,0.11,0.5,0.25,0.4,0.1,0.32,1
CUST330,0,1,1,3,8,10,3800,24,0.13,150,3000,2500,181,350,1.93,0.11,0.05,0.6,0.75,0.25,0.8,0.4,0
CUST331,1,3,1,1,22,25,35000,60,0.1,6000,38000,25000,743,7000,9.42,0.08,0.16,0.33,1.0,0.04,1.0,0.99,0
CUST332,1,2,1,2,9,12,9000,36,0.12,1200,7500,5800,299,500,1.67,0.1,0.16,0.5,0.85,0.2,1.0,0.72,1
CUST333,0,1,2,4,1,1,4000,12,0.15,200,2500,2300,361,-161,0.0,0.13,0.08,0.8,0.1,0.55,0.1,0.14,1
CUST334,1,1,0,0,6,5,6000,24,0.13,600,5200,4400,285,200,0.7,0.1,0.12,0.0,0.55,0.3,0.5,0.52,1
CUST335,1,2,1,1,12,16,12000,48,0.12,1600,10500,8000,364,900,2.47,0.1,0.15,0.33,0.94,0.14,1.0,0.82,0
CUST336,1,3,2,2,3,2,18000,48,0.12,2500,14000,10000,515,1500,2.91,0.11,0.18,0.5,0.35,0.25,0.2,0.88,1
CUST337,1,2,1,1,8,10,3500,12,0.11,350,4800,3800,309,650,2.1,0.06,0.07,0.33,0.75,0.18,0.8,0.74,0
CUST338,0,1,0,2,5,4,7500,36,0.15,900,4200,3800,260,-500,0.0,0.15,0.21,0.5,0.4,0.45,0.3,0.26,1
CUST339,1,3,1,1,18,20,25000,60,0.11,4000,22000,16000,544,2000,3.68,0.09,0.18,0.33,1.0,0.09,1.0,0.96,0
CUST340,1,1,2,3,2,1,4500,24,0.14,600,3500,3100,216,-200,0.0,0.1,0.17,0.6,0.2,0.38,0.1,0.3,1
CUST341,1,2,1,2,10,14,10000,36,0.12,1400,8500,6500,332,600,1.81,0.1,0.16,0.5,0.9,0.22,1.0,0.75,1
CUST342,1,1,0,0,7,6,7000,24,0.13,700,6000,5000,332,300,0.9,0.1,0.12,0.0,0.6,0.32,0.6,0.55,1
CUST343,1,3,1,2,14,20,13000,48,0.12,1800,11500,9000,395,700,1.77,0.1,0.16,0.33,0.96,0.15,1.0,0.84,1
CUST344,0,1,2,2,5,5,6500,24,0.14,750,4500,4000,312,-250,0.0,0.12,0.17,0.5,0.4,0.42,0.5,0.32,1
CUST345,1,2,1,1,10,12,3500,12,0.11,400,5200,4100,309,700,2.26,0.06,0.08,0.33,0.85,0.15,1.0,0.75,0
CUST346,1,3,1,0,22,25,32000,60,0.1,5500,36000,24000,679,6500,9.57,0.07,0.15,0.0,1.0,0.04,1.0,0.99,0
CUST347,1,2,0,2,4,3,7500,48,0.14,1100,5000,4200,205,-300,0.0,0.13,0.22,0.5,0.4,0.26,0.3,0.56,1
CUST348,0,1,1,2,10,15,3500,18,0.12,100,3000,2400,213,500,2.35,0.1,0.03,0.5,0.95,0.1,1.0,0.3,0
CUST349,1,2,1,1,5,4,5500,30,0.13,600,5000,4000,216,400,1.85,0.09,0.12,0.33,0.5,0.19,0.4,0.61,1
CUST350,1,1,2,1,2,1,1800,12,0.11,250,3000,2500,159,250,1.57,0.05,0.08,0.33,0.2,0.35,0.1,0.32,1
CUST351,1,3,1,1,15,14,16000,48,0.12,2500,14000,10000,421,1500,3.56,0.1,0.18,0.33,1.0,0.06,1.0,0.93,0
CUST352,0,1,1,3,3,8,4000,24,0.14,300,2800,2400,192,100,0.52,0.12,0.11,0.6,0.3,0.32,0.8,0.25,1
CUST353,1,2,1,1,9,18,6500,24,0.11,550,6800,5200,303,1050,3.47,0.08,0.08,0.33,0.85,0.12,1.0,0.78,0
CUST354,1,2,2,2,6,5,13000,60,0.15,2000,7500,6500,309,-1000,0.0,0.14,0.27,0.5,0.6,0.2,0.5,0.55,1
CUST355,1,3,1,1,18,22,25000,60,0.1,4000,28000,19000,531,5000,9.42,0.07,0.14,0.33,1.0,0.04,1.0,0.99,0
CUST356,0,1,2,3,1,1,1200,12,0.15,50,1500,1400,108,50,0.46,0.07,0.03,0.6,0.1,0.42,0.1,0.15,1
CUST357,1,2,1,2,7,8,8000,36,0.12,800,5500,4500,265,200,0.75,0.12,0.15,0.5,0.7,0.18,0.8,0.66,1
CUST358,1,1,0,0,4,4,5000,24,0.13,400,3800,3200,238,200,0.84,0.11,0.11,0.0,0.4,0.24,0.4,0.44,1
CUST359,1,2,1,1,10,14,10000,48,0.12,1000,7500,5800,264,700,2.65,0.11,0.13,0.33,0.9,0.11,1.0,0.76,0
CUST360,0,1,2,2,3,3,4000,24,0.14,400,2800,2500,192,-100,0.0,0.12,0.14,0.5,0.35,0.3,0.3,0.29,1
CUST361,1,3,1,2,14,12,15000,48,0.12,2000,12500,9500,429,1000,2.33,0.1,0.16,0.5,0.96,0.07,1.0,0.89,1
CUST362,1,1,1,3,6,12,3000,12,0.1,400,3500,2800,264,300,1.14,0.07,0.11,0.6,0.6,0.15,1.0,0.58,0
CUST363,1,2,1,1,9,10,2500,6,0.1,250,5200,3800,429,1150,2.68,0.04,0.05,0.33,0.85,0.1,1.0,0.81,0
CUST364,0,1,2,2,3,2,6500,36,0.15,800,3800,3500,225,-500,0.0,0.14,0.21,0.5,0.35,0.38,0.2,0.24,1
CUST365,1,3,1,1,15,20,15000,36,0.1,3000,18000,12000,484,3000,6.2,0.07,0.17,0.33,1.0,0.06,1.0,0.96,0
CUST366,1,2,2,2,4,4,8000,24,0.12,1000,5500,4500,377,0,0.0,0.12,0.18,0.5,0.45,0.22,0.4,0.52,1
CUST367,0,1,1,1,12,15,4000,12,0.11,100,3500,2500,353,900,2.55,0.09,0.03,0.33,0.95,0.1,1.0,0.3,0
CUST368,1,1,0,3,2,2,3000,24,0.13,400,2800,2400,142,0,0.0,0.09,0.14,0.75,0.2,0.35,0.2,0.25,1
CUST369,1,2,1,2,7,6,6500,30,0.12,700,5200,4100,252,400,1.59,0.1,0.13,0.5,0.7,0.18,0.6,0.72,0
CUST370,1,3,1,1,20,25,25000,60,0.1,4000,28000,18000,531,6000,11.3,0.07,0.14,0.33,1.0,0.05,1.0,0.98,0
CUST371,1,2,2,4,5,4,12000,48,0.14,2000,7500,6500,328,-1000,0.0,0.13,0.27,0.85,0.5,0.28,0.4,0.55,1
CUST372,0,1,2,2,3,3,2500,18,0.15,200,2800,2400,156,200,1.28,0.07,0.07,0.5,0.35,0.35,0.3,0.22,1
CUST373,1,3,1,0,15,15,18000,48,0.11,2800,16000,11000,464,2200,4.74,0.09,0.18,0.0,1.0,0.07,1.0,0.92,0
CUST374,1,2,0,1,9,8,5500,24,0.12,600,5200,4200,258,400,1.55,0.09,0.12,0.33,0.85,0.14,0.8,0.7,1
CUST375,1,1,1,3,6,12,4000,12,0.1,500,3800,3000,351,300,0.85,0.08,0.13,0.6,0.65,0.2,1.0,0.58,1
CUST376,0,1,2,2,2,1,1200,12,0.15,100,2000,1800,108,100,0.93,0.05,0.05,0.5,0.2,0.4,0.1,0.2,1
CUST377,1,3,1,0,25,30,30000,48,0.1,6000,28000,18000,761,4000,5.26,0.09,0.21,0.0,1.0,0.04,1.0,0.99,0
CUST378,1,2,1,1,8,12,6500,24,0.11,700,6200,4800,303,700,2.31,0.09,0.11,0.33,0.8,0.15,1.0,0.76,0
CUST379,1,2,2,2,4,3,11000,60,0.14,1400,6500,5500,256,-400,0.0,0.14,0.22,0.5,0.45,0.28,0.3,0.52,1
CUST380,0,1,1,2,10,18,3500,18,0.12,150,3400,2800,213,450,2.11,0.1,0.04,0.5,0.98,0.1,1.0,0.35,0
CUST381,1,3,1,1,18,20,25000,60,0.11,4000,24000,18000,544,1500,2.76,0.09,0.17,0.33,1.0,0.07,1.0,0.96,0
CUST382,1,1,2,3,2,2,4200,24,0.14,500,3800,3400,202,-100,0.0,0.09,0.13,0.6,0.25,0.38,0.2,0.32,1
CUST383,1,2,1,2,7,8,8000,36,0.12,950,5500,4500,265,50,0.19,0.12,0.17,0.5,0.7,0.22,0.8,0.66,1
CUST384,1,1,0,0,6,6,5500,24,0.13,500,4500,3800,261,200,0.77,0.1,0.11,0.0,0.55,0.28,0.6,0.48,1
CUST385,1,2,1,1,11,15,9500,36,0.11,1100,7800,5800,311,900,2.89,0.1,0.14,0.33,0.9,0.14,1.0,0.82,0
CUST386,0,1,2,2,3,3,5000,24,0.14,600,3400,3100,240,-300,0.0,0.12,0.18,0.5,0.35,0.42,0.3,0.28,1
CUST387,1,3,1,2,14,14,18000,48,0.12,2500,15000,11000,515,1500,2.91,0.1,0.17,0.5,0.96,0.08,1.0,0.9,0
CUST388,1,1,1,3,8,12,3800,12,0.1,500,4200,3500,334,200,0.6,0.08,0.12,0.6,0.75,0.2,1.0,0.62,1
CUST389,1,2,1,1,10,12,2800,6,0.1,350,6000,4500,480,1150,2.4,0.04,0.06,0.33,0.88,0.12,1.0,0.84,0
CUST390,0,1,2,2,4,4,8500,36,0.15,1200,5000,4500,294,-700,0.0,0.14,0.24,0.5,0.45,0.48,0.4,0.3,1
CUST391,1,3,1,1,20,18,22000,60,0.11,3800,20000,14000,478,2200,4.6,0.09,0.19,0.33,1.0,0.1,1.0,0.94,0
CUST392,0,1,2,4,1,1,4200,12,0.15,250,2800,2600,379,-229,0.0,0.13,0.09,0.8,0.1,0.6,0.1,0.15,1
CUST393,1,2,1,2,10,14,10000,36,0.12,1500,8500,6800,332,200,0.6,0.1,0.18,0.5,0.9,0.24,1.0,0.78,1
CUST394,1,1,0,0,7,7,7500,24,0.13,800,6500,5500,356,200,0.56,0.1,0.12,0.0,0.65,0.35,0.7,0.55,1
CUST395,1,2,1,1,14,20,12000,48,0.12,1800,10500,8000,366,700,1.91,0.1,0.17,0.33,0.96,0.16,1.0,0.85,1
CUST396,0,1,2,2,5,5,6000,24,0.14,800,4500,4100,288,-400,0.0,0.11,0.18,0.5,0.45,0.45,0.5,0.32,1
CUST397,1,3,1,2,18,18,22000,48,0.12,3500,20000,15000,573,1500,2.62,0.09,0.18,0.5,1.0,0.11,1.0,0.96,0
CUST398,1,1,1,3,9,14,4800,12,0.1,800,6000,5000,422,200,0.47,0.07,0.13,0.6,0.8,0.28,1.0,0.66,1
CUST399,1,2,1,1,12,15,3500,6,0.1,450,7500,5800,600,1250,2.08,0.04,0.06,0.33,0.94,0.18,1.0,0.9,0
CUST400,0,1,2,2,8,8,13000,36,0.15,2000,8500,7500,451,-1000,0.0,0.13,0.24,0.5,0.65,0.55,0.8,0.38,1
CUST401,1,3,1,1,14,10,18000,48,0.11,2500,15000,10000,464,2500,5.39,0.1,0.17,0.33,0.96,0.08,1.0,0.92,0
CUST402,0,1,2,3,1,1,3500,12,0.15,100,2000,1800,316,-116,0.0,0.13,0.05,0.75,0.1,0.48,0.1,0.12,1
CUST403,1,2,1,2,6,7,8200,36,0.12,1000,6000,4800,273,200,0.73,0.11,0.17,0.5,0.6,0.2,0.7,0.65,1
CUST404,1,1,0,0,5,3,4800,24,0.13,450,3800,3200,228,150,0.66,0.11,0.12,0.0,0.45,0.28,0.3,0.48,1
CUST405,1,2,1,1,10,14,6000,24,0.11,600,6500,4800,280,1100,3.93,0.08,0.09,0.33,0.9,0.12,1.0,0.78,0
CUST406,0,1,2,2,3,3,3000,12,0.14,300,3200,2800,269,100,0.37,0.08,0.09,0.5,0.35,0.35,0.3,0.28,1
CUST407,1,3,1,0,16,20,13000,36,0.1,2600,18000,12000,419,3400,8.11,0.06,0.14,0.0,1.0,0.06,1.0,0.96,0
CUST408,1,2,2,3,6,4,10000,48,0.14,1400,5800,5000,273,-600,0.0,0.14,0.24,0.7,0.55,0.28,0.4,0.58,1
CUST409,1,1,1,2,8,18,3500,12,0.11,400,4500,3400,309,700,2.26,0.06,0.09,0.5,0.8,0.16,1.0,0.72,0
CUST410,0,2,0,1,13,25,4000,24,0.12,50,3800,3000,188,750,3.99,0.09,0.01,0.33,0.99,0.1,1.0,0.42,0
CUST411,1,2,1,0,11,8,9000,30,0.12,850,7500,5500,349,1150,3.3,0.1,0.11,0.0,0.92,0.12,0.8,0.84,0
CUST412,1,1,2,2,4,2,4500,24,0.14,600,4000,3600,216,-200,0.0,0.1,0.15,0.5,0.35,0.38,0.2,0.38,1
CUST413,1,3,1,3,15,12,25000,60,0.11,4500,24000,17000,544,2500,4.6,0.09,0.19,0.6,0.98,0.1,1.0,0.92,0
CUST414,0,1,1,2,7,6,2500,12,0.13,250,3000,2500,223,250,1.12,0.07,0.08,0.5,0.55,0.28,0.6,0.32,1
CUST415,1,2,1,1,9,15,6500,24,0.11,500,6500,4800,303,1200,3.96,0.08,0.08,0.33,0.85,0.16,1.0,0.75,0
CUST416,1,1,2,2,2,2,1800,12,0.1,300,3200,2800,158,100,0.63,0.05,0.09,0.5,0.2,0.4,0.2,0.3,1
CUST417,1,3,1,0,30,35,45000,48,0.1,6500,40000,28000,1141,5359,4.7,0.09,0.16,0.0,1.0,0.05,1.0,0.99,0
CUST418,0,1,0,4,4,4,6500,36,0.15,700,4200,3800,225,-300,0.0,0.13,0.17,0.8,0.35,0.42,0.4,0.28,1
CUST419,1,2,1,1,10,20,3800,12,0.11,500,5800,4300,335,1000,2.99,0.05,0.09,0.33,0.88,0.15,1.0,0.88,0
CUST420,1,2,2,2,5,3,12000,60,0.15,2000,7500,6500,285,-1000,0.0,0.13,0.27,0.5,0.45,0.35,0.3,0.62,1
CUST421,1,3,1,1,22,22,35000,60,0.1,5500,30000,21000,743,3500,4.71,0.1,0.18,0.33,1.0,0.06,1.0,0.98,0
CUST422,0,1,2,3,1,1,2800,12,0.15,250,2200,2100,253,-153,0.0,0.11,0.11,0.6,0.1,0.5,0.1,0.22,1
CUST423,1,2,1,2,8,8,9000,36,0.12,1100,6200,5000,299,100,0.33,0.12,0.18,0.5,0.75,0.22,0.8,0.7,1
CUST424,1,1,0,0,7,6,5200,24,0.13,450,4500,3800,247,250,1.01,0.1,0.1,0.0,0.6,0.26,0.6,0.55,1
CUST425,1,2,1,1,12,18,9500,36,0.11,1100,8000,5800,311,1100,3.54,0.1,0.14,0.33,0.95,0.14,1.0,0.85,0
CUST426,0,1,2,2,4,3,5200,24,0.14,550,3500,3200,250,-250,0.0,0.12,0.16,0.5,0.4,0.38,0.3,0.3,1
CUST427,1,3,1,2,15,14,18000,48,0.12,2400,14000,10500,515,1100,2.14,0.11,0.17,0.5,1.0,0.08,1.0,0.92,1
CUST428,1,1,1,3,7,12,3500,12,0.1,450,4200,3200,308,550,1.79,0.07,0.11,0.6,0.65,0.2,1.0,0.62,0
CUST429,1,2,1,1,11,12,2800,6,0.1,300,6000,4500,480,1200,2.5,0.04,0.05,0.33,0.9,0.12,1.0,0.88,0
CUST430,0,1,2,2,3,1,7000,36,0.15,900,4200,3800,243,-500,0.0,0.14,0.21,0.5,0.35,0.4,0.1,0.28,1
CUST431,1,2,1,1,8,6,4800,24,0.11,500,5500,4200,224,800,3.57,0.07,0.09,0.33,0.75,0.18,0.6,0.72,0
CUST432,1,3,1,0,26,30,38000,60,0.1,6500,45000,32000,807,6500,8.05,0.07,0.14,0.0,1.0,0.04,1.0,0.99,0
CUST433,1,2,0,2,6,4,8500,48,0.14,1300,5800,5000,232,-500,0.0,0.12,0.22,0.5,0.55,0.28,0.4,0.62,1
CUST434,0,1,1,2,12,20,4000,18,0.12,200,3800,3000,244,600,2.46,0.09,0.05,0.5,0.99,0.12,1.0,0.38,0
CUST435,1,2,1,1,7,5,7000,30,0.13,800,5800,4800,275,200,0.73,0.1,0.14,0.33,0.65,0.22,0.5,0.68,1
CUST436,1,1,2,1,4,2,2500,12,0.11,400,3500,3000,221,100,0.45,0.06,0.11,0.33,0.35,0.38,0.2,0.38,1
CUST437,1,3,1,0,20,15,20000,48,0.12,3200,18000,13000,527,1800,3.42,0.09,0.18,0.0,1.0,0.08,1.0,0.96,0
CUST438,0,1,1,3,5,10,5200,24,0.14,450,3500,3100,250,-50,0.0,0.12,0.13,0.6,0.45,0.35,1.0,0.32,1
CUST439,1,2,1,1,11,22,8000,24,0.11,700,8000,6200,373,1100,2.95,0.08,0.09,0.33,0.92,0.14,1.0,0.85,0
CUST440,1,2,2,2,8,6,16000,60,0.15,2800,9000,8000,380,-1800,0.0,0.15,0.31,0.5,0.75,0.24,0.6,0.62,1
CUST441,1,3,1,1,24,25,35000,60,0.1,5500,38000,26000,743,6500,8.75,0.08,0.14,0.33,1.0,0.05,1.0,0.99,0
CUST442,0,1,2,3,1,1,2000,12,0.15,200,1800,1700,180,-100,0.0,0.09,0.11,0.6,0.1,0.5,0.1,0.18,1
CUST443,1,2,1,2,9,10,10000,36,0.12,1200,7000,5500,332,300,0.9,0.12,0.17,0.5,0.85,0.2,1.0,0.72,1
CUST444,1,1,0,0,7,6,6500,24,0.13,600,5200,4400,309,200,0.65,0.11,0.12,0.0,0.6,0.28,0.6,0.55,1
CUST445,1,2,1,1,14,15,12000,48,0.12,1600,9500,7500,364,400,1.1,0.11,0.17,0.33,0.96,0.14,1.0,0.82,1
CUST446,0,1,2,2,4,3,5000,24,0.14,600,3500,3200,240,-300,0.0,0.12,0.17,0.5,0.4,0.4,0.3,0.32,1
CUST447,1,3,1,2,18,14,20000,48,0.12,2800,16500,12000,573,1700,2.97,0.1,0.17,0.5,1.0,0.08,1.0,0.92,0
CUST448,1,1,1,3,8,12,3800,12,0.1,600,4500,3500,334,400,1.2,0.07,0.13,0.6,0.75,0.2,1.0,0.64,0
CUST449,1,2,1,1,12,12,3000,6,0.1,400,6200,4500,514,1300,2.53,0.04,0.06,0.33,0.94,0.14,1.0,0.88,0
CUST450,0,1,2,2,5,3,8000,36,0.15,1000,4500,4100,277,-600,0.0,0.15,0.22,0.5,0.45,0.42,0.3,0.28,1
CUST451,1,3,1,1,18,12,22000,60,0.11,3500,20000,14000,478,2500,5.23,0.09,0.18,0.33,1.0,0.08,1.0,0.95,0
CUST452,0,1,2,4,1,1,3800,12,0.15,200,2400,2200,343,-143,0.0,0.13,0.08,0.8,0.1,0.55,0.1,0.14,1
CUST453,1,2,1,2,9,10,9000,36,0.12,1200,7000,5500,299,300,1.0,0.11,0.17,0.5,0.85,0.18,1.0,0.74,1
CUST454,1,1,0,0,6,4,5500,24,0.13,500,4500,3800,261,200,0.77,0.1,0.11,0.0,0.55,0.28,0.4,0.52,1
CUST455,1,2,1,1,12,12,12000,48,0.12,1800,10000,7500,364,700,1.92,0.1,0.18,0.33,0.94,0.12,1.0,0.82,1
CUST456,0,1,2,2,4,3,5200,24,0.14,600,3800,3400,250,-200,0.0,0.12,0.16,0.5,0.4,0.38,0.3,0.35,1
CUST457,1,3,1,2,18,14,20000,48,0.12,2800,18000,13000,573,2200,3.84,0.09,0.16,0.5,1.0,0.08,1.0,0.92,0
CUST458,1,1,1,3,8,12,4200,12,0.1,650,5000,4000,370,350,0.95,0.07,0.13,0.6,0.75,0.22,1.0,0.65,1
CUST459,1,2,1,1,12,14,3500,6,0.1,400,6500,4800,600,1300,2.17,0.04,0.06,0.33,0.94,0.14,1.0,0.88,0
CUST460,0,1,2,2,6,4,9000,36,0.15,1200,5200,4600,312,-600,0.0,0.14,0.23,0.5,0.55,0.45,0.4,0.3,1
CUST461,1,3,1,1,20,15,25000,60,0.11,4000,22000,16000,544,2000,3.68,0.09,0.18,0.33,1.0,0.09,1.0,0.96,0
CUST462,0,1,2,4,1,1,4500,12,0.15,250,2800,2600,406,-206,0.0,0.13,0.09,0.8,0.1,0.6,0.1,0.18,1
CUST463,1,2,1,2,10,12,10000,36,0.12,1500,8000,6200,332,300,0.9,0.11,0.19,0.5,0.9,0.2,1.0,0.75,1
CUST464,1,1,0,0,7,5,6500,24,0.13,700,5500,4800,309,0,0.0,0.1,0.13,0.0,0.65,0.3,0.5,0.55,1
CUST465,1,2,1,1,14,16,13000,48,0.12,2000,11000,8500,395,500,1.27,0.1,0.18,0.33,0.96,0.14,1.0,0.84,1
CUST466,0,1,2,2,5,4,6000,24,0.14,700,4200,3800,288,-300,0.0,0.12,0.17,0.5,0.45,0.4,0.4,0.32,1
CUST467,1,3,1,2,20,18,22000,48,0.12,3200,20000,14000,703,2800,3.98,0.09,0.16,0.5,1.0,0.09,1.0,0.95,0
CUST468,1,1,1,3,9,14,4500,12,0.1,750,5500,4500,396,250,0.63,0.07,0.14,0.6,0.8,0.24,1.0,0.68,1
CUST469,1,2,1,1,14,16,4000,6,0.1,500,7200,5500,686,1200,1.75,0.04,0.07,0.33,0.96,0.16,1.0,0.9,0
CUST470,0,1,2,2,7,5,9500,36,0.15,1400,6000,5200,329,-600,0.0,0.14,0.23,0.5,0.6,0.5,0.5,0.35,1
CUST471,1,3,1,1,22,18,28000,60,0.11,4500,25000,18000,609,2500,4.11,0.09,0.18,0.33,1.0,0.1,1.0,0.98,0
CUST472,0,1,2,4,1,1,4800,12,0.15,300,3000,2800,433,-233,0.0,0.13,0.1,0.8,0.1,0.65,0.1,0.18,1
CUST473,1,2,1,2,11,14,11000,36,0.12,1600,9000,7000,366,400,1.09,0.1,0.18,0.5,0.92,0.22,1.0,0.78,1
CUST474,1,1,0,0,8,6,7500,24,0.13,800,6500,5500,356,200,0.56,0.1,0.12,0.0,0.7,0.32,0.6,0.58,1
CUST475,1,2,1,1,16,20,14000,48,0.12,2000,12000,9500,425,500,1.18,0.1,0.17,0.33,0.98,0.15,1.0,0.86,1
CUST476,0,1,2,2,6,5,7000,24,0.14,850,4800,4200,336,-250,0.0,0.12,0.18,0.5,0.5,0.42,0.5,0.35,1
CUST477,1,3,1,2,22,22,28000,48,0.12,4000,25000,18000,802,3000,3.74,0.09,0.16,0.5,1.0,0.1,1.0,0.98,0
CUST478,1,1,1,3,10,16,5200,12,0.1,850,6500,5200,458,450,0.98,0.07,0.13,0.6,0.85,0.26,1.0,0.7,1
CUST479,1,2,1,1,16,18,4500,6,0.1,600,8000,6000,772,1400,1.81,0.04,0.08,0.33,0.98,0.18,1.0,0.92,0
CUST480,0,1,2,2,8,6,11000,36,0.15,1600,7000,6200,381,-800,0.0,0.13,0.23,0.5,0.65,0.52,0.6,0.4,1
CUST481,1,3,1,1,24,20,32000,60,0.11,5000,28000,20000,696,3000,4.31,0.1,0.18,0.33,1.0,0.12,1.0,0.99,0
CUST482,0,1,2,4,1,1,5200,12,0.15,350,3300,3100,469,-269,0.0,0.13,0.11,0.8,0.1,0.68,0.1,0.2,1
CUST483,1,2,1,2,13,16,12000,36,0.12,1800,10000,7500,399,700,1.75,0.1,0.18,0.5,0.94,0.24,1.0,0.82,1
CUST484,1,1,0,0,9,8,8500,24,0.13,900,7500,6200,404,400,0.99,0.1,0.12,0.0,0.75,0.35,0.8,0.6,1
CUST485,1,2,1,1,18,22,15000,48,0.12,2400,13000,10000,455,600,1.32,0.1,0.18,0.33,1.0,0.16,1.0,0.88,1
CUST486,0,1,2,2,7,6,8000,24,0.14,1000,5500,4800,384,-300,0.0,0.12,0.18,0.5,0.55,0.45,0.6,0.38,1
CUST487,1,3,1,2,25,25,35000,48,0.12,5000,32000,22000,1002,5000,4.99,0.09,0.16,0.5,1.0,0.12,1.0,0.99,0
CUST488,1,1,1,3,11,18,5800,12,0.1,950,7500,6000,511,550,1.08,0.07,0.13,0.6,0.88,0.28,1.0,0.72,1
CUST489,1,2,1,1,18,20,5000,6,0.1,750,9000,7000,858,1250,1.46,0.04,0.08,0.33,1.0,0.2,1.0,0.94,0
CUST490,0,1,2,2,9,8,13000,36,0.15,2200,9000,8000,451,-1200,0.0,0.13,0.24,0.5,0.7,0.55,0.8,0.42,1
CUST491,1,3,1,1,26,25,35000,60,0.11,5500,35000,25000,761,4500,5.91,0.1,0.16,0.33,1.0,0.14,1.0,0.99,0
CUST492,0,1,2,4,1,1,6000,12,0.15,400,3800,3500,541,-341,0.0,0.13,0.11,0.8,0.1,0.7,0.1,0.22,1
CUST493,1,2,1,2,15,18,13000,36,0.12,2000,11000,8500,432,500,1.16,0.1,0.18,0.5,0.96,0.26,1.0,0.85,1
CUST494,1,1,0,0,10,9,9500,24,0.13,1100,8500,7000,451,400,0.89,0.1,0.13,0.0,0.8,0.38,1.0,0.65,1
CUST495,1,2,1,1,20,25,18000,48,0.12,2800,15000,11500,546,700,1.28,0.11,0.19,0.33,1.0,0.18,1.0,0.92,1
CUST496,0,1,2,2,8,7,9000,24,0.14,1100,6500,5800,432,-432,0.0,0.12,0.17,0.5,0.55,0.5,0.7,0.4,1
CUST497,1,3,1,2,28,30,38000,48,0.12,5500,38000,28000,1088,4500,4.14,0.09,0.14,0.5,1.0,0.15,1.0,0.99,0
CUST498,1,1,1,3,13,20,6500,12,0.1,1100,8500,7000,572,400,0.7,0.07,0.13,0.6,0.92,0.32,1.0,0.74,1
CUST499,1,2,1,1,20,22,6000,6,0.1,800,10000,8000,1029,1171,1.14,0.05,0.08,0.33,1.0,0.24,1.0,0.96,0
CUST500,0,1,2,2,10,9,15000,36,0.15,2500,10000,9000,555,-1555,0.0,0.14,0.25,0.5,0.75,0.6,0.9,0.45,1
CUST501,1,2,1,1,2,1,8500,24,0.12,1200,4500,3800,404,1000,2.48,0.14,0.14,0.33,0.25,0.22,0.1,0.85,1
CUST502,0,1,1,2,15,12,3200,12,0.1,150,2800,2200,302,500,1.66,0.05,0.05,0.5,0.95,0.12,1.0,0.32,0
CUST503,1,2,2,3,4,3,9000,36,0.14,1400,6000,5200,285,-400,0.0,0.16,0.16,0.7,0.45,0.35,0.3,0.45,1
CUST504,1,3,1,1,10,8,18000,48,0.11,2800,12000,9500,464,1500,3.23,0.11,0.16,0.33,0.88,0.08,1.0,0.82,0
CUST505,0,1,0,2,7,6,4500,24,0.14,500,3500,3200,216,50,0.23,0.11,0.11,0.5,0.65,0.28,0.6,0.35,1
CUST506,1,2,1,1,12,14,7500,24,0.11,800,5800,4500,349,900,2.58,0.11,0.11,0.33,0.92,0.14,1.0,0.78,0
CUST507,1,3,1,0,22,25,32000,60,0.1,5000,28000,18000,679,4000,5.88,0.08,0.16,0.0,1.0,0.06,1.0,0.98,0
CUST508,1,2,2,2,5,4,11000,48,0.14,1600,6500,5800,328,-400,0.0,0.15,0.15,0.5,0.55,0.3,0.4,0.52,1
CUST509,1,1,1,3,9,18,4800,12,0.1,800,4200,3400,422,600,1.42,0.07,0.17,0.6,0.85,0.2,1.0,0.72,0
CUST510,0,2,0,1,14,25,5500,24,0.12,150,3500,2800,258,1850,7.17,0.09,0.03,0.33,0.99,0.12,1.0,0.45,0
CUST511,1,3,1,1,2,1,12000,36,0.11,2000,9000,7000,429,1000,2.33,0.14,0.17,0.33,0.2,0.25,0.1,0.92,1
CUST512,1,2,1,2,8,10,9500,36,0.12,1100,7000,5500,316,400,1.27,0.12,0.12,0.5,0.8,0.22,1.0,0.7,1
CUST513,1,1,2,2,3,2,2800,12,0.14,400,3000,2800,192,-400,0.0,0.1,0.14,0.5,0.35,0.38,0.2,0.32,1
CUST514,0,1,1,3,10,12,4200,18,0.12,100,3500,2800,257,600,2.33,0.09,0.02,0.6,0.95,0.15,1.0,0.4,0
CUST515,1,2,1,1,14,15,11000,48,0.12,1400,8500,6500,333,1100,3.3,0.1,0.13,0.33,0.96,0.12,1.0,0.82,0
CUST516,0,1,2,2,4,3,6000,24,0.14,800,4200,3800,288,-200,0.0,0.12,0.13,0.5,0.4,0.42,0.3,0.32,1
CUST517,1,3,1,2,18,18,22000,48,0.12,3500,18000,13000,573,1500,2.62,0.1,0.16,0.5,1.0,0.09,1.0,0.95,0
CUST518,1,1,1,3,9,14,5200,12,0.1,800,5200,4200,458,200,0.44,0.07,0.15,0.6,0.85,0.24,1.0,0.66,1
CUST519,1,2,1,1,16,20,5000,6,0.1,700,8500,6500,858,1300,1.52,0.04,0.14,0.33,0.98,0.2,1.0,0.92,0
CUST520,0,1,2,2,8,6,12000,36,0.15,1800,8500,7500,415,-1300,0.0,0.14,0.15,0.5,0.65,0.55,0.8,0.38,1
CUST521,1,3,1,1,24,25,35000,60,0.11,5500,32000,22000,761,4500,5.91,0.09,0.16,0.33,1.0,0.12,1.0,0.99,0
CUST522,0,1,2,4,1,1,5500,12,0.15,400,3500,3200,496,-296,0.0,0.13,0.07,0.8,0.1,0.68,0.1,0.22,1
CUST523,1,2,1,2,12,16,11000,36,0.12,1500,9000,7000,366,500,1.37,0.11,0.14,0.5,0.92,0.22,1.0,0.78,1
CUST524,1,1,0,0,8,8,8000,24,0.13,900,7000,6000,380,100,0.26,0.11,0.11,0.0,0.75,0.38,0.8,0.58,1
CUST525,1,2,1,1,16,22,15000,48,0.12,2200,12000,9500,455,800,1.76,0.1,0.15,0.33,0.98,0.16,1.0,0.88,1
CUST526,0,1,2,2,6,6,8000,24,0.14,1000,5800,5200,384,-200,0.0,0.12,0.13,0.5,0.5,0.48,0.6,0.38,1
CUST527,1,3,1,2,22,25,32000,48,0.12,4500,25000,18000,859,3500,4.07,0.09,0.14,0.5,1.0,0.11,1.0,0.98,0
CUST528,1,1,1,3,10,18,6000,12,0.1,950,7000,5800,528,200,0.38,0.07,0.16,0.6,0.88,0.3,1.0,0.7,1
CUST529,1,2,1,1,18,20,5500,6,0.1,750,9000,7200,944,1300,1.38,0.04,0.14,0.33,1.0,0.24,1.0,0.94,0
CUST530,0,1,2,2,9,8,14000,36,0.15,2200,9500,8500,485,-1200,0.0,0.14,0.16,0.5,0.75,0.58,0.9,0.42,1
CUST531,1,3,1,1,28,30,40000,60,0.11,6000,35000,25000,870,5000,5.75,0.09,0.15,0.33,1.0,0.14,1.0,0.99,0
CUST532,0,1,2,4,1,1,6500,12,0.15,450,4200,4000,586,-186,0.0,0.13,0.07,0.8,0.1,0.72,0.1,0.25,1
CUST533,1,2,1,2,15,18,13000,36,0.12,2000,11000,8500,432,500,1.16,0.1,0.15,0.5,0.96,0.26,1.0,0.85,1
CUST534,1,1,0,0,10,9,9800,24,0.13,1200,8800,7200,465,200,0.43,0.1,0.12,0.0,0.85,0.4,1.0,0.68,1
CUST535,1,2,1,1,20,25,20000,48,0.12,3000,16000,12000,607,1000,1.65,0.1,0.15,0.33,1.0,0.18,1.0,0.94,1
CUST536,0,1,2,2,8,7,9500,24,0.14,1200,6800,6000,456,-300,0.0,0.12,0.13,0.5,0.6,0.52,0.7,0.4,1
CUST537,1,3,1,2,30,35,45000,48,0.12,6500,40000,28000,1289,5000,3.88,0.09,0.14,0.5,1.0,0.15,1.0,0.99,0
CUST538,1,1,1,3,15,20,7000,12,0.1,1200,9000,7500,616,300,0.49,0.07,0.17,0.6,0.95,0.32,1.0,0.76,1
CUST539,1,2,1,1,22,25,6500,6,0.1,900,11000,8500,1115,1385,1.24,0.04,0.14,0.33,1.0,0.26,1.0,0.98,0
CUST540,0,1,2,2,12,10,18000,36,0.15,3000,12000,10500,666,-1500,0.0,0.14,0.17,0.5,0.85,0.65,1.0,0.48,1
CUST541,1,3,1,1,2,1,10000,24,0.12,1500,5200,4500,475,800,1.68,0.15,0.15,0.33,0.2,0.24,0.1,0.82,1
CUST542,0,1,1,2,16,14,3500,12,0.1,100,3000,2400,330,600,1.82,0.05,0.03,0.5,0.98,0.14,1.0,0.35,0
CUST543,1,2,2,3,5,4,10000,36,0.14,1600,6500,5500,317,-600,0.0,0.16,0.16,0.7,0.55,0.38,0.4,0.48,1
CUST544,1,3,1,1,12,10,20000,48,0.11,3200,14000,11000,515,2000,3.88,0.11,0.16,0.33,0.92,0.1,1.0,0.85,0
CUST545,0,1,0,2,8,7,5000,24,0.14,600,4000,3500,240,150,0.63,0.11,0.12,0.5,0.7,0.3,0.6,0.38,1
CUST546,1,2,1,1,14,16,8500,24,0.11,900,6500,5200,396,1100,2.78,0.11,0.11,0.33,0.96,0.16,1.0,0.82,0
CUST547,1,3,1,0,24,28,35000,60,0.1,5500,30000,20000,743,5000,6.73,0.08,0.16,0.0,1.0,0.07,1.0,0.99,0
CUST548,1,2,2,2,6,5,12000,48,0.14,1800,7000,6200,358,-500,0.0,0.15,0.15,0.5,0.6,0.32,0.5,0.55,1
CUST549,1,1,1,3,10,20,5500,12,0.1,900,4800,3800,484,700,1.45,0.07,0.16,0.6,0.9,0.22,1.0,0.75,0
CUST550,0,2,0,1,16,28,6500,24,0.12,200,4200,3500,305,2100,6.89,0.09,0.03,0.33,1.0,0.14,1.0,0.48,0
CUST551,1,3,1,1,4,2,14000,36,0.11,2500,10500,8500,501,1000,1.99,0.14,0.18,0.33,0.35,0.28,0.2,0.9,1
CUST552,1,2,1,2,10,12,11000,36,0.12,1300,8000,6500,366,700,1.91,0.12,0.12,0.5,0.85,0.24,1.0,0.74,1
CUST553,1,1,2,2,4,3,3500,12,0.14,500,3800,3400,240,-800,0.0,0.1,0.14,0.5,0.4,0.42,0.3,0.35,1
CUST554,0,1,1,3,12,14,5000,18,0.12,150,4200,3400,306,650,2.12,0.09,0.03,0.6,0.98,0.16,1.0,0.42,0
CUST555,1,2,1,1,16,18,12500,48,0.12,1600,9500,7500,379,1400,3.69,0.1,0.13,0.33,0.98,0.14,1.0,0.85,0
CUST556,0,1,2,2,5,4,7000,24,0.14,1000,4800,4200,336,-200,0.0,0.12,0.14,0.5,0.45,0.45,0.4,0.35,1
CUST557,1,3,1,2,20,20,25000,48,0.12,4000,22000,16000,716,2000,2.79,0.1,0.16,0.5,1.0,0.1,1.0,0.96,0
CUST558,1,1,1,3,10,16,5800,12,0.1,900,5800,4800,511,100,0.2,0.07,0.16,0.6,0.88,0.26,1.0,0.7,1
CUST559,1,2,1,1,18,22,6000,6,0.1,850,9500,7500,1029,1400,1.36,0.04,0.14,0.33,1.0,0.22,1.0,0.94,0
CUST560,0,1,2,2,10,8,14000,36,0.15,2200,9500,8500,485,-1200,0.0,0.14,0.16,0.5,0.75,0.58,0.8,0.42,1
CUST561,1,3,1,1,28,30,40000,60,0.11,6000,35000,25000,870,5000,5.75,0.09,0.15,0.33,1.0,0.14,1.0,0.99,0
CUST562,0,1,2,4,1,1,6500,12,0.15,450,4200,4000,586,-186,0.0,0.13,0.07,0.8,0.1,0.72,0.1,0.25,1
CUST563,1,2,1,2,15,18,13000,36,0.12,2000,11000,8500,432,500,1.16,0.1,0.15,0.5,0.96,0.26,1.0,0.85,1
CUST564,1,1,0,0,10,9,9800,24,0.13,1200,8800,7200,465,200,0.43,0.1,0.12,0.0,0.85,0.4,1.0,0.68,1
CUST565,1,2,1,1,20,25,20000,48,0.12,3000,16000,12000,607,1000,1.65,0.1,0.15,0.33,1.0,0.18,1.0,0.94,1
CUST566,0,1,2,2,8,7,9500,24,0.14,1200,6800,6000,456,-300,0.0,0.12,0.13,0.5,0.6,0.52,0.7,0.4,1
CUST567,1,3,1,2,30,35,45000,48,0.12,6500,40000,28000,1289,5000,3.88,0.09,0.14,0.5,1.0,0.15,1.0,0.99,0
CUST568,1,1,1,3,15,20,7000,12,0.1,1200,9000,7500,616,300,0.49,0.07,0.17,0.6,0.95,0.32,1.0,0.76,1
CUST569,1,2,1,1,22,25,6500,6,0.1,900,11000,8500,1115,1385,1.24,0.04,0.14,0.33,1.0,0.26,1.0,0.98,0
CUST570,0,1,2,2,12,10,18000,36,0.15,3000,12000,10500,666,-1500,0.0,0.14,0.17,0.5,0.85,0.65,1.0,0.48,1
CUST571,1,3,1,1,2,1,11000,24,0.12,1800,5800,4800,530,900,1.7,0.15,0.16,0.33,0.25,0.26,0.1,0.85,1
CUST572,0,1,1,2,18,15,3800,12,0.1,150,3200,2600,358,650,2.04,0.05,0.04,0.5,0.99,0.16,1.0,0.38,0
CUST573,1,2,2,3,6,5,11000,36,0.14,1800,7000,6000,349,-600,0.0,0.16,0.16,0.7,0.6,0.42,0.5,0.52,1
CUST574,1,3,1,1,14,12,22000,48,0.11,3500,15000,12000,567,2500,4.41,0.1,0.16,0.33,0.95,0.12,1.0,0.88,0
CUST575,0,1,0,2,9,8,5500,24,0.14,700,4500,3800,264,250,0.95,0.11,0.13,0.5,0.75,0.35,0.7,0.42,1
CUST576,1,2,1,1,16,18,9500,24,0.11,1000,7000,5800,442,1200,2.71,0.11,0.11,0.33,0.98,0.18,1.0,0.85,0
CUST577,1,3,1,0,26,30,38000,60,0.1,6000,32000,22000,807,5500,6.82,0.08,0.16,0.0,1.0,0.08,1.0,0.99,0
CUST578,1,2,2,2,7,6,13000,48,0.14,2000,7500,6500,388,-500,0.0,0.15,0.15,0.5,0.65,0.35,0.6,0.58,1
CUST579,1,1,1,3,12,22,6000,12,0.1,1000,5200,4200,528,800,1.52,0.07,0.17,0.6,0.95,0.24,1.0,0.78,0
CUST580,0,2,0,1,18,30,7500,24,0.12,300,4800,4000,352,2400,6.82,0.09,0.04,0.33,1.0,0.16,1.0,0.52,0
CUST581,1,3,1,1,5,3,16000,36,0.11,2800,11500,9500,548,1200,2.19,0.14,0.18,0.33,0.4,0.32,0.3,0.92,1
CUST582,1,2,1,2,12,14,12000,36,0.12,1500,8500,7000,399,800,2.01,0.12,0.13,0.5,0.9,0.26,1.0,0.78,1
CUST583,1,1,2,2,5,4,4000,12,0.14,600,4200,3800,264,-800,0.0,0.1,0.15,0.5,0.45,0.45,0.4,0.38,1
CUST584,0,1,1,3,14,16,5500,18,0.12,200,4500,3800,337,750,2.23,0.09,0.04,0.6,0.99,0.18,1.0,0.45,0
CUST585,1,2,1,1,18,20,13500,48,0.12,1800,10000,8000,409,1500,3.67,0.1,0.13,0.33,0.99,0.16,1.0,0.88,0
CUST586,0,1,2,2,6,5,7500,24,0.14,1100,5200,4600,360,-300,0.0,0.12,0.15,0.5,0.5,0.48,0.5,0.38,1
CUST587,1,3,1,2,22,22,28000,48,0.12,4500,24000,18000,802,2200,2.83,0.1,0.16,0.5,1.0,0.12,1.0,0.98,0
CUST588,1,1,1,3,12,18,6200,12,0.1,1000,6200,5200,546,150,0.24,0.07,0.16,0.6,0.92,0.28,1.0,0.74,1
CUST589,1,2,1,1,20,24,6500,6,0.1,950,10500,8500,1115,1500,1.34,0.04,0.15,0.33,1.0,0.24,1.0,0.96,0
CUST590,0,1,2,2,11,9,15000,36,0.15,2500,10000,9000,520,-1500,0.0,0.14,0.17,0.5,0.8,0.62,0.9,0.45,1
CUST591,1,3,1,1,30,32,42000,60,0.11,6500,38000,28000,914,5500,6.02,0.09,0.15,0.33,1.0,0.16,1.0,0.99,0
CUST592,0,1,2,4,1,1,7000,12,0.15,500,4500,4200,631,-231,0.0,0.13,0.07,0.8,0.1,0.75,0.1,0.28,1
CUST593,1,2,1,2,18,20,14000,36,0.12,2200,12000,9500,466,600,1.29,0.1,0.16,0.5,0.98,0.28,1.0,0.88,1
CUST594,1,1,0,0,12,10,10500,24,0.13,1300,9500,800,498,300,0.6,0.1,0.12,0.0,0.9,0.42,1.0,0.72,1
CUST595,1,2,1,1,22,28,22000,48,0.12,3500,18000,14000,674,1200,1.78,0.1,0.15,0.33,1.0,0.2,1.0,0.96,1
CUST596,0,1,2,2,9,8,10000,24,0.14,1300,7200,6500,480,-400,0.0,0.12,0.13,0.5,0.65,0.55,0.8,0.42,1
CUST597,1,3,1,2,32,38,48000,48,0.12,7000,42000,30000,1375,6000,4.36,0.09,0.14,0.5,1.0,0.16,1.0,0.99,0
CUST598,1,1,1,3,18,25,7500,12,0.1,1400,10000,8500,660,350,0.53,0.07,0.19,0.6,0.98,0.35,1.0,0.8,1
CUST599,1,2,1,1,25,28,7000,6,0.1,1000,12000,9500,1200,1400,1.17,0.04,0.14,0.33,1.0,0.28,1.0,0.99,0
CUST600,0,1,2,2,14,12,20000,36,0.15,3500,13500,12000,741,-1800,0.0,0.14,0.18,0.5,0.9,0.7,1.0,0.52,1
CUST601,1,1,2,0,1,1,4500,24,0.13,600,3500,3000,221,100,0.45,0.15,0.13,0.0,0.15,0.45,0.1,0.75,1
CUST602,0,1,0,1,2,2,3000,12,0.14,200,2500,2200,227,-27,0.0,0.12,0.07,0.33,0.2,0.55,0.2,0.3,1
CUST603,1,2,2,2,3,2,6500,36,0.15,850,4500,4000,249,-599,0.0,0.16,0.13,0.5,0.3,0.4,0.3,0.42,1
CUST604,1,1,1,3,2,3,5000,18,0.11,400,3800,3200,309,600,1.94,0.14,0.08,0.6,0.25,0.35,0.1,0.88,0
CUST605,1,1,2,1,1,1,2200,12,0.14,300,2200,2000,197,-97,0.0,0.12,0.14,0.33,0.1,0.6,0.1,0.25,1
CUST606,0,1,0,2,2,2,3800,24,0.13,450,3000,2600,181,150,0.83,0.11,0.12,0.5,0.25,0.48,0.2,0.38,1
CUST607,1,2,1,1,3,4,7200,24,0.12,900,5200,4200,349,700,2.01,0.13,0.12,0.33,0.35,0.3,0.1,0.85,0
CUST608,1,1,2,1,1,1,1500,12,0.15,200,1500,1400,135,-135,0.0,0.14,0.13,0.33,0.1,0.65,0.1,0.18,1
CUST609,1,2,1,0,4,5,8500,36,0.11,1100,6000,5000,316,800,2.53,0.1,0.13,0.0,0.45,0.25,0.3,0.82,0
CUST610,0,1,2,3,2,2,4200,12,0.15,500,3500,3200,379,-329,0.0,0.12,0.12,0.6,0.2,0.52,0.2,0.28,1
CUST611,1,2,1,1,5,6,9000,30,0.12,1200,6500,5500,349,950,2.72,0.1,0.13,0.33,0.55,0.22,0.6,0.78,0
CUST612,1,1,0,2,3,2,4800,24,0.13,500,3800,3200,228,300,1.32,0.11,0.1,0.5,0.35,0.4,0.3,0.45,1
CUST613,1,3,1,1,2,2,15000,48,0.11,2500,10000,8000,421,1800,4.28,0.14,0.17,0.33,0.25,0.3,0.2,0.92,0
CUST614,0,1,2,2,1,1,3200,12,0.14,400,2800,2500,269,-269,0.0,0.12,0.13,0.5,0.15,0.58,0.1,0.22,1
CUST615,1,2,1,2,4,4,10000,36,0.12,1400,7500,6000,332,700,2.11,0.12,0.14,0.5,0.45,0.28,0.4,0.8,0
CUST616,1,1,0,1,2,2,5500,24,0.13,600,4200,3600,261,400,1.53,0.1,0.11,0.33,0.25,0.42,0.2,0.55,1
CUST617,1,3,1,0,6,8,18000,48,0.11,3000,12000,9000,464,2500,5.39,0.09,0.17,0.0,0.65,0.15,0.8,0.94,0
CUST618,0,1,2,3,1,1,3800,12,0.15,500,3000,2800,343,-343,0.0,0.13,0.13,0.6,0.1,0.62,0.1,0.24,1
CUST619,1,2,1,1,5,5,9200,30,0.12,1100,6200,5200,364,1300,3.57,0.09,0.12,0.33,0.55,0.2,0.5,0.84,0
CUST620,1,1,0,2,2,2,4000,18,0.13,450,3200,2800,257,150,0.58,0.11,0.11,0.5,0.25,0.45,0.2,0.38,1
CUST621,1,3,1,1,8,10,22000,60,0.11,4000,15000,11000,478,2500,5.23,0.09,0.18,0.33,0.8,0.12,1.0,0.95,0
CUST622,0,1,2,2,2,2,5200,24,0.14,700,3500,3200,250,-250,0.0,0.13,0.13,0.5,0.25,0.55,0.2,0.32,1
CUST623,1,2,1,2,6,7,11000,36,0.12,1600,8500,6800,366,400,1.09,0.11,0.15,0.5,0.65,0.25,0.7,0.82,0
CUST624,1,1,0,0,3,3,6000,24,0.13,750,4800,4000,285,150,0.53,0.11,0.13,0.0,0.35,0.4,0.3,0.55,1
CUST625,1,2,1,1,7,8,12500,48,0.12,1800,9000,7500,379,1200,3.17,0.1,0.14,0.33,0.75,0.18,0.8,0.88,0
CUST626,0,1,2,2,4,4,6500,24,0.14,900,4500,4000,312,-312,0.0,0.14,0.14,0.5,0.45,0.58,0.4,0.35,1
CUST627,1,3,1,2,10,12,25000,48,0.12,3800,18000,13000,716,2200,3.07,0.09,0.15,0.5,0.9,0.12,1.0,0.96,0
CUST628,1,1,1,3,4,6,4500,12,0.1,600,3500,3000,396,400,1.01,0.12,0.13,0.6,0.45,0.32,0.6,0.68,0
CUST629,1,2,1,1,8,10,3800,6,0.1,500,6500,4800,686,1814,2.64,0.04,0.13,0.33,0.85,0.14,1.0,0.92,0
CUST630,0,1,2,2,3,3,8000,36,0.15,1100,5200,4600,277,-600,0.0,0.14,0.14,0.5,0.35,0.6,0.3,0.3,1
CUST631,1,2,1,1,5,5,5200,24,0.11,650,4200,3500,242,700,2.89,0.09,0.13,0.33,0.55,0.28,0.5,0.65,0
CUST632,1,3,1,0,12,15,32000,60,0.1,5500,28000,20000,679,5000,7.36,0.08,0.17,0.0,0.92,0.08,1.0,0.99,0
CUST633,1,2,0,2,4,4,9500,48,0.14,1400,6200,5200,259,-400,0.0,0.14,0.15,0.5,0.45,0.38,0.4,0.58,1
CUST634,0,1,1,2,6,8,5500,18,0.12,700,4200,3500,336,600,1.79,0.11,0.13,0.5,0.65,0.24,0.8,0.42,0
CUST635,1,2,1,1,3,2,8000,30,0.13,1200,5500,4800,314,200,0.64,0.14,0.15,0.33,0.3,0.35,0.2,0.78,1
CUST636,1,1,2,1,2,1,3200,12,0.11,450,2800,2500,282,-50,0.0,0.12,0.14,0.33,0.25,0.55,0.1,0.42,1
CUST637,1,3,1,0,14,10,22000,48,0.12,3500,16000,12000,581,1800,3.1,0.1,0.16,0.0,0.95,0.1,1.0,0.96,0
CUST638,0,1,1,3,2,5,6000,24,0.14,750,4500,4000,288,250,0.87,0.13,0.13,0.6,0.25,0.45,0.5,0.38,1
CUST639,1,2,1,1,6,12,9500,24,0.11,1100,6500,5200,442,1200,2.71,0.1,0.12,0.33,0.65,0.22,1.0,0.85,0
CUST640,1,2,2,2,4,4,14000,60,0.15,2500,8500,7500,332,-1400,0.0,0.15,0.18,0.5,0.45,0.42,0.4,0.55,1
CUST641,1,3,1,1,16,18,38000,60,0.1,6000,32000,24000,807,6500,8.05,0.09,0.16,0.33,1.0,0.08,1.0,0.99,0
CUST642,0,1,2,3,1,1,2500,12,0.15,300,2000,1800,225,-25,0.0,0.11,0.12,0.6,0.1,0.58,0.1,0.15,1
CUST643,1,2,1,2,5,6,11000,36,0.12,1500,8000,6500,366,400,1.09,0.12,0.14,0.5,0.55,0.3,0.6,0.78,1
CUST644,1,1,0,0,4,3,7200,24,0.13,900,5800,5000,342,200,0.58,0.11,0.13,0.0,0.45,0.35,0.3,0.62,1
CUST645,1,2,1,1,9,10,13000,48,0.12,2000,9500,7500,395,1000,2.53,0.11,0.15,0.33,0.92,0.16,1.0,0.86,0
CUST646,0,1,2,2,3,2,6000,24,0.14,800,4200,3800,288,-200,0.0,0.14,0.13,0.5,0.35,0.52,0.2,0.32,1
CUST647,1,3,1,2,12,10,22000,48,0.12,3500,18000,13000,573,1500,2.62,0.1,0.16,0.5,0.96,0.1,1.0,0.95,0
CUST648,1,1,1,3,4,8,4800,12,0.1,700,4200,3400,422,350,0.83,0.12,0.15,0.6,0.45,0.38,0.8,0.7,0
CUST649,1,2,1,1,9,10,3500,6,0.1,500,6800,5200,600,1314,2.19,0.04,0.14,0.33,0.92,0.15,1.0,0.9,0
CUST650,0,1,2,2,3,3,9000,36,0.15,1300,5500,4800,312,-700,0.0,0.15,0.14,0.5,0.35,0.62,0.3,0.32,1
CUST651,1,3,1,1,12,10,25000,60,0.11,4000,22000,16000,544,2000,3.68,0.1,0.18,0.33,0.95,0.1,1.0,0.96,0
CUST652,0,1,2,4,1,1,4500,12,0.15,400,3200,3000,406,-306,0.0,0.13,0.09,0.8,0.1,0.68,0.1,0.22,1
CUST653,1,2,1,2,7,8,11000,36,0.12,1600,8500,6800,366,400,1.09,0.12,0.15,0.5,0.75,0.25,0.8,0.82,1
CUST654,1,1,0,0,5,5,7000,24,0.13,950,5500,4800,332,150,0.45,0.11,0.14,0.0,0.55,0.38,0.5,0.62,1
CUST655,1,2,1,1,10,12,13500,48,0.12,2200,10000,8000,409,900,2.2,0.1,0.16,0.33,0.95,0.16,1.0,0.88,0
CUST656,0,1,2,2,4,4,7200,24,0.14,1000,4800,4200,346,-346,0.0,0.14,0.14,0.5,0.45,0.58,0.4,0.38,1
CUST657,1,3,1,2,14,12,25000,48,0.12,4000,20000,15000,716,2200,3.07,0.09,0.16,0.5,0.98,0.1,1.0,0.96,0
CUST658,1,1,1,3,6,10,5500,12,0.1,800,5200,4200,484,250,0.52,0.11,0.15,0.6,0.65,0.35,1.0,0.72,0
CUST659,1,2,1,1,12,14,4500,6,0.1,650,8500,6500,772,1385,2.13,0.04,0.15,0.33,0.96,0.18,1.0,0.95,0
CUST660,0,1,2,2,5,4,11000,36,0.15,1600,7000,6200,381,-800,0.0,0.15,0.15,0.5,0.55,0.65,0.4,0.35,1
CUST661,1,3,1,1,16,14,28000,60,0.11,4500,25000,18000,609,2500,4.11,0.1,0.18,0.33,1.0,0.12,1.0,0.98,0
CUST662,0,1,2,4,1,1,5200,12,0.15,500,3500,3200,469,-469,0.0,0.13,0.1,0.8,0.1,0.7,0.1,0.25,1
CUST663,1,2,1,2,10,12,13000,36,0.12,2000,9500,7500,432,600,1.39,0.11,0.15,0.5,0.92,0.3,1.0,0.85,1
CUST664,1,1,0,0,7,6,8500,24,0.13,1100,7000,6000,404,200,0.5,0.1,0.13,0.0,0.75,0.42,0.6,0.68,1
CUST665,1,2,1,1,14,16,15000,48,0.12,2400,12000,9500,455,800,1.76,0.1,0.16,0.33,0.98,0.2,1.0,0.9,0
CUST666,0,1,2,2,6,5,8500,24,0.14,1200,6000,5200,408,-408,0.0,0.14,0.14,0.5,0.55,0.6,0.5,0.42,1
CUST667,1,3,1,2,18,18,32000,48,0.12,5000,28000,20000,916,3500,4.07,0.09,0.15,0.5,1.0,0.12,1.0,0.99,0
CUST668,1,1,1,3,10,14,6500,12,0.1,1000,6500,5500,572,250,0.44,0.1,0.15,0.6,0.9,0.38,1.0,0.76,1
CUST669,1,2,1,1,16,20,5500,6,0.1,800,9500,7500,944,1414,1.77,0.04,0.14,0.33,0.98,0.24,1.0,0.96,0
CUST670,0,1,2,2,8,6,14000,36,0.15,2200,9500,8500,485,-1200,0.0,0.15,0.16,0.5,0.75,0.7,0.6,0.45,1
CUST671,1,3,1,1,22,25,35000,60,0.11,5500,32000,22000,761,4500,5.91,0.1,0.16,0.33,1.0,0.14,1.0,0.99,0
CUST672,0,1,2,4,1,1,6000,12,0.15,600,4000,3800,541,-541,0.0,0.13,0.11,0.8,0.1,0.75,0.1,0.28,1
CUST673,1,2,1,2,14,16,14000,36,0.12,2200,11000,8500,466,600,1.29,0.11,0.16,0.5,0.96,0.32,1.0,0.88,1
CUST674,1,1,0,0,10,8,10500,24,0.13,1400,8500,7200,498,300,0.6,0.1,0.13,0.0,0.85,0.45,0.8,0.72,1
CUST675,1,2,1,1,20,22,22000,48,0.12,3500,18000,14000,674,1200,1.78,0.1,0.15,0.33,1.0,0.22,1.0,0.96,1
CUST676,0,1,2,2,9,7,12000,24,0.14,1800,8500,7500,576,-576,0.0,0.13,0.15,0.5,0.75,0.65,0.7,0.45,1
CUST677,1,3,1,2,28,30,42000,48,0.12,6500,38000,28000,1203,5000,4.16,0.09,0.15,0.5,1.0,0.15,1.0,0.99,0
CUST678,1,1,1,3,15,20,8000,12,0.1,1400,9500,8000,704,200,0.28,0.09,0.18,0.6,0.95,0.42,1.0,0.82,1
CUST679,1,2,1,1,22,24,7500,6,0.1,1100,11000,9000,1286,1414,1.29,0.04,0.14,0.33,1.0,0.28,1.0,0.99,0
CUST680,0,1,2,2,12,10,22000,36,0.15,4000,15000,13500,815,-1815,0.0,0.15,0.18,0.5,0.9,0.8,1.0,0.55,1
CUST681,1,3,1,1,2,2,13000,24,0.12,2000,7500,6000,618,1000,1.62,0.16,0.15,0.33,0.25,0.35,0.2,0.85,1
CUST682,0,1,1,2,14,12,4200,12,0.1,250,3500,2800,396,650,2.6,0.06,0.06,0.5,0.92,0.22,1.0,0.4,0
CUST683,1,2,2,3,3,2,8000,36,0.14,1300,5200,4500,254,-554,0.0,0.16,0.14,0.7,0.35,0.5,0.2,0.42,1
CUST684,1,3,1,1,8,6,22000,48,0.11,3500,15000,12000,567,2500,4.41,0.11,0.15,0.33,0.75,0.12,0.6,0.88,0
CUST685,0,1,0,2,4,3,5800,24,0.14,800,4500,3800,278,-222,0.0,0.13,0.14,0.5,0.45,0.45,0.3,0.38,1
CUST686,1,2,1,1,9,10,9500,24,0.11,1100,7000,5500,442,1200,2.71,0.11,0.13,0.33,0.85,0.22,0.8,0.84,0
CUST687,1,3,1,0,18,20,38000,60,0.1,6000,32000,22000,807,6500,8.05,0.09,0.17,0.0,1.0,0.1,1.0,0.99,0
CUST688,1,2,2,2,5,4,13000,48,0.14,2000,7800,6500,388,-500,0.0,0.15,0.15,0.5,0.55,0.45,0.4,0.55,1
CUST689,1,1,1,3,10,14,6000,12,0.1,900,5500,4500,528,100,0.19,0.08,0.16,0.6,0.88,0.32,1.0,0.74,1
CUST690,0,2,0,1,12,18,7200,24,0.12,400,5200,4200,338,1662,4.16,0.11,0.05,0.33,0.98,0.22,0.8,0.55,0
CUST691,1,3,1,1,3,2,18000,36,0.11,3000,12500,10000,643,1500,2.33,0.15,0.18,0.33,0.3,0.38,0.2,0.94,1
CUST692,1,2,1,2,10,12,13000,36,0.12,1800,9000,7500,432,1000,2.31,0.12,0.14,0.5,0.85,0.32,1.0,0.82,1
CUST693,1,1,2,2,4,3,4500,12,0.14,700,4500,4000,312,-1012,0.0,0.12,0.15,0.5,0.4,0.58,0.3,0.38,1
CUST694,0,1,1,3,11,12,5800,18,0.12,300,4800,4000,352,650,1.85,0.1,0.05,0.6,0.95,0.24,1.0,0.48,0
CUST695,1,2,1,1,16,18,15000,48,0.12,2200,11000,8500,455,1800,3.96,0.1,0.15,0.33,0.98,0.22,1.0,0.9,0
CUST696,0,1,2,2,6,5,8500,24,0.14,1300,6000,5200,408,-408,0.0,0.13,0.15,0.5,0.55,0.6,0.5,0.42,1
CUST697,1,3,1,2,20,20,30000,48,0.12,4500,25000,18000,859,2500,2.91,0.09,0.16,0.5,1.0,0.14,1.0,0.98,0
CUST698,1,1,1,3,10,14,6500,12,0.1,1100,7000,5800,572,200,0.35,0.08,0.16,0.6,0.88,0.35,1.0,0.76,1
CUST699,1,2,1,1,22,25,8000,6,0.1,1200,12000,9500,1372,1428,1.04,0.04,0.14,0.33,1.0,0.28,1.0,0.99,0
CUST700,0,1,2,2,14,12,25000,36,0.15,4500,15000,13500,925,-2125,0.0,0.14,0.18,0.5,0.95,0.85,1.0,0.55,1
CUST701,1,2,1,1,12,14,9000,24,0.11,800,6500,5200,422,1700,4.03,0.11,0.09,0.33,0.92,0.18,1.0,0.88,0
CUST702,0,1,2,2,3,2,3500,12,0.14,450,2800,2500,240,-400,0.0,0.12,0.13,0.5,0.3,0.55,0.2,0.32,1
CUST703,1,3,1,2,15,18,22000,48,0.12,3200,18000,13000,673,2300,3.42,0.1,0.15,0.5,0.98,0.1,1.0,0.96,0
CUST704,1,1,0,0,5,4,5800,24,0.13,700,4500,3800,311,300,1.07,0.11,0.12,0.0,0.55,0.4,0.4,0.52,1
CUST705,1,2,1,1,10,12,12000,48,0.12,1800,9000,7500,434,700,1.61,0.1,0.15,0.33,0.95,0.16,1.0,0.85,0
CUST706,0,1,2,2,4,3,6500,24,0.14,900,4200,3800,312,-300,0.0,0.13,0.14,0.5,0.4,0.58,0.3,0.35,1
CUST707,1,3,1,2,20,18,28000,48,0.12,4200,24000,17000,859,2300,2.68,0.1,0.15,0.5,1.0,0.09,1.0,0.98,0
CUST708,1,1,1,3,8,12,4800,12,0.1,750,4500,3500,396,300,0.76,0.12,0.16,0.6,0.8,0.25,1.0,0.72,1
CUST709,1,2,1,1,14,16,4200,6,0.1,600,7500,5800,720,1314,2.19,0.04,0.14,0.33,0.96,0.16,1.0,0.94,0
CUST710,0,1,2,2,6,5,10000,36,0.15,1500,6500,5500,346,-700,0.0,0.14,0.15,0.5,0.55,0.65,0.4,0.38,1
CUST711,1,3,1,1,24,25,38000,60,0.11,6000,32000,22000,826,5500,6.66,0.09,0.16,0.33,1.0,0.12,1.0,0.99,0
CUST712,0,1,2,4,1,1,5500,12,0.15,450,3500,3200,496,-346,0.0,0.13,0.08,0.8,0.1,0.7,0.1,0.24,1
CUST713,1,2,1,2,12,14,11500,36,0.12,1800,9500,7500,383,200,0.52,0.11,0.16,0.5,0.92,0.24,1.0,0.82,1
CUST714,1,1,0,0,8,7,9000,24,0.13,1200,7200,6200,428,600,1.4,0.1,0.13,0.0,0.75,0.45,0.7,0.68,1
CUST715,1,2,1,1,18,22,18000,48,0.12,2800,14000,11000,546,1200,2.2,0.1,0.16,0.33,1.0,0.2,1.0,0.92,0
CUST716,0,1,2,2,7,6,9000,24,0.14,1200,6200,5500,432,-500,0.0,0.13,0.13,0.5,0.65,0.6,0.6,0.4,1
CUST717,1,3,1,2,30,35,48000,48,0.12,7500,42000,30000,1375,6000,4.36,0.09,0.16,0.5,1.0,0.15,1.0,0.99,0
CUST718,1,1,1,3,15,20,8500,12,0.1,1400,10000,8500,748,350,0.47,0.08,0.16,0.6,0.98,0.38,1.0,0.8,1
CUST719,1,2,1,1,22,25,8000,6,0.1,1100,12000,9500,1372,1428,1.04,0.04,0.14,0.33,1.0,0.28,1.0,0.99,0
CUST720,0,1,2,2,12,10,22000,36,0.15,4000,16000,14500,815,-2500,0.0,0.15,0.18,0.5,0.9,0.8,1.0,0.55,1
CUST721,1,3,1,1,2,2,12000,24,0.12,1800,6500,5500,570,1200,2.11,0.15,0.15,0.33,0.25,0.4,0.2,0.82,1
CUST722,0,1,1,2,16,14,4000,12,0.1,200,3200,2500,337,600,2.25,0.06,0.05,0.5,0.98,0.14,1.0,0.38,0
CUST723,1,2,2,3,6,5,11500,36,0.14,1800,7500,6500,365,-600,0.0,0.16,0.16,0.7,0.6,0.42,0.5,0.55,1
CUST724,1,3,1,1,14,12,24000,48,0.11,3800,16000,13000,618,2500,4.05,0.1,0.16,0.33,0.95,0.12,1.0,0.9,0
CUST725,0,1,0,2,9,8,6000,24,0.14,800,4800,4200,288,200,0.69,0.12,0.13,0.5,0.75,0.35,0.7,0.45,1
CUST726,1,2,1,1,16,18,10000,24,0.11,1100,7500,6000,466,1400,3.0,0.11,0.11,0.33,0.98,0.2,1.0,0.86,0
CUST727,1,3,1,0,26,30,42000,60,0.1,6500,35000,25000,892,6000,6.73,0.08,0.15,0.0,1.0,0.08,1.0,0.99,0
CUST728,1,2,2,2,7,6,14000,48,0.14,2200,8500,7500,418,-500,0.0,0.15,0.16,0.5,0.65,0.45,0.6,0.58,1
CUST729,1,1,1,3,12,22,6500,12,0.1,1100,5800,4800,572,900,1.57,0.07,0.17,0.6,0.95,0.28,1.0,0.8,0
CUST730,0,2,0,1,18,30,8000,24,0.12,350,5200,4500,375,2450,7.0,0.09,0.04,0.33,1.0,0.18,1.0,0.55,0
CUST731,1,3,1,1,6,4,18000,36,0.11,3200,13000,10500,618,1500,2.43,0.14,0.18,0.33,0.45,0.35,0.3,0.94,1
CUST732,1,2,1,2,14,16,13500,36,0.12,1800,10000,8500,449,1200,2.67,0.12,0.13,0.5,0.92,0.3,1.0,0.82,1
CUST733,1,1,2,2,6,5,5000,12,0.14,800,5200,4800,330,-1000,0.0,0.11,0.16,0.5,0.5,0.55,0.4,0.42,1
CUST734,0,1,1,3,15,18,6500,18,0.12,250,5500,4800,398,750,3.0,0.09,0.04,0.6,0.99,0.2,1.0,0.48,0
CUST735,1,2,1,1,20,22,15000,48,0.12,2200,11000,9000,455,1800,3.96,0.1,0.15,0.33,1.0,0.18,1.0,0.9,0
CUST736,0,1,2,2,7,6,8500,24,0.14,1200,6000,5200,408,-408,0.0,0.12,0.14,0.5,0.55,0.6,0.5,0.42,1
CUST737,1,3,1,2,22,25,32000,48,0.12,5000,28000,20000,916,3500,4.07,0.09,0.16,0.5,1.0,0.12,1.0,0.99,0
CUST738,1,1,1,3,12,18,7200,12,0.1,1200,7500,6500,634,300,0.47,0.08,0.17,0.6,0.92,0.32,1.0,0.78,1
CUST739,1,2,1,1,22,25,8500,6,0.1,1200,13000,10500,1458,1800,1.5,0.04,0.14,0.33,1.0,0.26,1.0,0.99,0
CUST740,0,1,2,2,14,12,28000,36,0.15,5000,18000,16500,1058,-2500,0.0,0.15,0.18,0.5,0.95,0.85,1.0,0.58,1
CUST741,1,3,1,1,2,1,15000,24,0.12,2500,9000,7500,821,1500,2.33,0.15,0.17,0.33,0.2,0.45,0.1,0.9,1
CUST742,0,1,1,2,20,18,4800,12,0.1,250,4200,3500,432,850,3.4,0.05,0.05,0.5,1.0,0.18,1.0,0.42,0
CUST743,1,2,2,3,8,6,13000,36,0.14,2200,8500,7500,412,-700,0.0,0.16,0.17,0.7,0.65,0.52,0.6,0.55,1
CUST744,1,3,1,1,16,14,28000,48,0.11,4500,20000,16000,721,3500,5.75,0.1,0.16,0.33,0.98,0.1,1.0,0.95,0
CUST745,0,1,0,2,12,10,7200,24,0.14,1000,5800,5000,348,400,1.15,0.11,0.14,0.5,0.85,0.42,1.0,0.48,0
CUST746,1,2,1,1,18,20,11500,24,0.11,1300,8500,7200,536,1700,3.17,0.11,0.11,0.33,0.99,0.24,1.0,0.88,0
CUST747,1,3,1,0,30,35,45000,60,0.1,7500,38000,28000,914,7500,10.0,0.08,0.17,0.0,1.0,0.08,1.0,0.99,0
CUST748,1,2,2,2,9,8,15000,48,0.14,2500,9500,8500,451,-500,0.0,0.15,0.17,0.5,0.7,0.58,0.8,0.55,1
CUST749,1,1,1,3,15,25,8000,12,0.1,1400,6500,5500,722,1200,1.66,0.07,0.18,0.6,0.98,0.35,1.0,0.82,0
CUST750,0,2,0,1,22,35,10000,24,0.12,500,6500,5500,469,3000,6.0,0.09,0.05,0.33,1.0,0.22,1.0,0.6,0
CUST751,1,3,1,1,5,3,22000,36,0.11,4000,16000,13000,754,2000,1.5,0.14,0.18,0.33,0.4,0.48,0.3,0.96,1
CUST752,1,2,1,2,16,18,15000,36,0.12,2200,11000,9500,516,1300,2.36,0.12,0.15,0.5,0.95,0.38,1.0,0.85,1
CUST753,1,1,2,2,7,6,6000,12,0.14,1000,6000,5500,396,-1200,0.0,0.1,0.17,0.5,0.6,0.65,0.6,0.45,1
CUST754,0,1,1,3,18,20,7500,18,0.12,400,6200,5500,459,900,2.25,0.09,0.05,0.6,1.0,0.28,1.0,0.52,0
CUST755,1,2,1,1,22,25,18000,48,0.12,2800,13500,11000,546,1700,3.11,0.1,0.16,0.33,1.0,0.24,1.0,0.92,0
CUST756,0,1,2,2,9,8,11000,24,0.14,1600,7800,6800,528,-408,0.0,0.13,0.15,0.5,0.7,0.72,0.8,0.48,1
CUST757,1,3,1,2,25,25,38000,48,0.12,6000,32000,22000,1031,3500,3.39,0.09,0.16,0.5,1.0,0.14,1.0,0.99,0
CUST758,1,1,1,3,15,22,9000,12,0.1,1600,8500,7500,822,350,0.43,0.08,0.18,0.6,0.98,0.45,1.0,0.82,1
CUST759,1,2,1,1,25,28,10000,6,0.1,1500,15000,12000,1715,2000,1.33,0.04,0.15,0.33,1.0,0.35,1.0,0.99,0
CUST760,0,1,2,2,18,15,35000,36,0.15,6500,22000,20000,1324,-3000,0.0,0.15,0.19,0.5,1.0,1.0,1.0,0.65,1
CUST761,1,3,1,1,3,2,18000,24,0.12,3000,11000,9000,1015,1500,1.48,0.15,0.17,0.33,0.3,0.52,0.2,0.92,1
CUST762,0,1,1,2,25,22,6500,12,0.1,400,5500,4500,585,1200,3.0,0.05,0.06,0.5,1.0,0.28,1.0,0.55,0
CUST763,1,2,2,3,10,8,16000,36,0.14,3000,11000,9500,533,-1000,0.0,0.15,0.19,0.7,0.75,0.65,0.8,0.62,1
CUST764,1,3,1,1,20,18,32000,48,0.11,5500,24000,18000,868,3500,5.04,0.09,0.17,0.33,1.0,0.14,1.0,0.98,0
CUST765,0,1,0,2,16,14,9500,24,0.14,1500,7500,6500,459,450,0.98,0.11,0.16,0.5,0.95,0.55,1.0,0.55,1
CUST766,1,2,1,1,22,25,14000,24,0.11,1800,10500,9000,652,2200,3.37,0.11,0.13,0.33,1.0,0.3,1.0,0.92,0
CUST767,1,3,1,0,35,40,55000,60,0.1,10000,45000,32000,1085,10000,10.0,0.08,0.18,0.0,1.0,0.1,1.0,0.99,0
CUST768,1,2,2,2,12,10,18000,48,0.14,3200,12000,10500,541,-800,0.0,0.15,0.18,0.5,0.85,0.7,1.0,0.6,1
CUST769,1,1,1,3,20,30,10000,12,0.1,1800,8500,7200,942,1500,1.59,0.07,0.18,0.6,1.0,0.48,1.0,0.85,0
CUST770,0,2,0,1,28,45,15000,24,0.12,1000,10000,8500,722,4000,5.54,0.09,0.07,0.33,1.0,0.35,1.0,0.68,0
CUST771,1,3,1,1,7,5,28000,36,0.11,5500,22000,18000,1031,2500,1.82,0.14,0.19,0.33,0.5,0.55,0.5,0.98,1
CUST772,1,2,1,2,20,22,18000,36,0.12,2800,13500,11000,619,1600,2.23,0.11,0.16,0.5,1.0,0.42,1.0,0.9,1
CUST773,1,1,2,2,10,8,8000,12,0.14,1400,8000,7200,528,-1400,0.0,0.1,0.18,0.5,0.75,0.75,0.8,0.52,1
CUST774,0,1,1,3,22,25,9500,18,0.12,600,8000,7000,581,1100,2.58,0.09,0.06,0.6,1.0,0.35,1.0,0.58,0
CUST775,1,2,1,1,28,32,22000,48,0.12,3800,16500,14000,674,2100,3.12,0.1,0.17,0.33,1.0,0.28,1.0,0.96,0
CUST776,0,1,2,2,12,10,14000,24,0.14,2200,10000,8500,672,-672,0.0,0.13,0.16,0.5,0.85,0.8,1.0,0.55,1
CUST777,1,3,1,2,30,30,45000,48,0.12,7500,38000,28000,1289,4500,3.49,0.09,0.16,0.5,1.0,0.18,1.0,0.99,0
CUST778,1,1,1,3,20,25,11000,12,0.1,2000,10000,8500,1031,450,0.44,0.08,0.18,0.6,1.0,0.55,1.0,0.86,1
CUST779,1,2,1,1,30,35,13000,6,0.1,2000,18000,14000,2229,2500,1.25,0.04,0.15,0.33,1.0,0.4,1.0,0.99,0
CUST780,0,1,2,2,22,20,40000,36,0.15,7500,25000,22000,1508,-3500,0.0,0.14,0.19,0.5,1.0,1.0,1.0,0.72,1
CUST781,1,3,1,1,4,3,22000,24,0.12,3800,14000,11000,1238,2000,1.62,0.15,0.17,0.33,0.35,0.6,0.3,0.95,1
CUST782,0,1,1,2,30,28,8500,12,0.1,600,7500,6000,766,1600,2.67,0.05,0.07,0.5,1.0,0.35,1.0,0.65,0
CUST783,1,2,2,3,12,10,20000,36,0.14,3800,13500,11500,666,-1200,0.0,0.15,0.19,0.7,0.85,0.75,1.0,0.68,1
CUST784,1,3,1,1,25,22,38000,48,0.11,6500,28000,21000,1031,4000,5.33,0.09,0.17,0.33,1.0,0.18,1.0,0.99,0
CUST785,0,1,0,2,20,18,11500,24,0.14,1800,9000,7500,551,550,1.0,0.11,0.16,0.5,1.0,0.65,1.0,0.62,1
CUST786,1,2,1,1,28,30,18000,24,0.11,2500,13500,11000,858,3000,3.5,0.11,0.14,0.33,1.0,0.38,1.0,0.96,0
CUST787,1,3,1,0,40,45,65000,60,0.1,12000,55000,38000,1328,15000,10.0,0.08,0.18,0.0,1.0,0.12,1.0,0.99,0
CUST788,1,2,2,2,15,12,22000,48,0.14,4000,15000,13000,661,-1000,0.0,0.14,0.18,0.5,0.95,0.85,1.0,0.65,1
CUST789,1,1,1,3,25,35,13000,12,0.1,2500,11000,9500,1229,1800,1.46,0.07,0.19,0.6,1.0,0.58,1.0,0.9,0
CUST790,0,2,0,1,35,50,20000,24,0.12,1500,13500,11000,984,5500,5.59,0.09,0.07,0.33,1.0,0.45,1.0,0.75,0
CUST791,1,3,1,1,9,7,35000,36,0.11,6500,28000,21000,1289,3000,1.75,0.14,0.19,0.33,0.6,0.65,0.6,0.99,1
CUST792,1,2,1,2,25,28,22000,36,0.12,3500,16500,14000,757,2000,2.3,0.11,0.16,0.5,1.0,0.52,1.0,0.96,1
CUST793,1,1,2,2,12,10,10000,12,0.14,1800,10000,9000,660,-1800,0.0,0.1,0.18,0.5,0.85,0.85,1.0,0.58,1
CUST794,0,1,1,3,28,30,11500,18,0.12,800,10000,8500,703,1500,2.84,0.09,0.07,0.6,1.0,0.42,1.0,0.65,0
CUST795,1,2,1,1,35,40,28000,48,0.12,5000,22000,18000,859,3000,3.49,0.1,0.18,0.33,1.0,0.35,1.0,0.99,0
CUST796,0,1,2,2,15,12,18000,24,0.14,3000,13500,11500,864,-964,0.0,0.13,0.17,0.5,0.95,0.9,1.0,0.62,1
CUST797,1,3,1,2,35,35,55000,48,0.12,9000,48000,35000,1575,6000,3.81,0.09,0.16,0.5,1.0,0.22,1.0,0.99,0
CUST798,1,1,1,3,25,30,14000,12,0.1,2500,13000,11000,1312,650,0.49,0.08,0.18,0.6,1.0,0.65,1.0,0.92,1
CUST799,1,2,1,1,40,45,16000,6,0.1,2500,22000,18000,2744,3500,1.27,0.04,0.15,0.33,1.0,0.5,1.0,0.99,0
CUST800,0,1,2,2,28,25,50000,36,0.15,10000,32000,28000,1885,-4500,0.0,0.14,0.2,0.5,1.0,1.0,1.0,0.8,1
CUST801,1,2,1,1,3,2,6500,24,0.18,900,4500,3800,346,1254,3.63,0.14,0.14,0.33,0.3,0.45,0.2,0.88,0
CUST802,0,1,2,2,2,2,3200,12,0.22,400,2800,2500,269,-300,0.0,0.13,0.13,0.5,0.2,0.58,0.2,0.35,1
CUST803,1,1,0,0,4,3,4800,18,0.2,650,3800,3400,312,338,1.52,0.12,0.14,0.0,0.45,0.42,0.4,0.58,1
CUST804,1,2,1,1,5,5,9500,30,0.16,1300,6000,5200,384,2116,4.52,0.1,0.14,0.33,0.55,0.3,0.5,0.85,0
CUST805,1,3,1,1,2,1,14000,48,0.15,2200,9500,8000,396,2304,3.83,0.14,0.16,0.33,0.25,0.4,0.1,0.92,0
CUST806,0,1,2,2,3,2,4200,12,0.24,600,3200,3000,343,-143,0.0,0.15,0.14,0.5,0.3,0.65,0.2,0.3,1
CUST807,1,2,1,2,6,8,11000,36,0.18,1800,8000,6500,432,1268,2.7,0.12,0.16,0.5,0.65,0.35,0.7,0.82,0
CUST808,1,1,0,1,2,2,3800,24,0.21,500,3000,2800,230,70,0.3,0.13,0.13,0.33,0.25,0.55,0.2,0.45,1
CUST809,1,2,1,1,10,12,12500,48,0.17,2000,8500,7200,379,2121,3.58,0.11,0.16,0.33,0.92,0.22,1.0,0.88,0
CUST810,0,1,2,2,4,4,5500,24,0.23,900,4500,4000,312,-312,0.0,0.14,0.16,0.5,0.45,0.68,0.4,0.32,1
CUST811,1,3,1,0,8,10,22000,60,0.15,4000,15000,12000,478,3522,5.23,0.09,0.18,0.0,0.8,0.15,1.0,0.96,0
CUST812,0,1,1,2,12,14,5200,12,0.19,250,3800,3200,396,1004,3.53,0.06,0.05,0.5,0.88,0.25,1.0,0.48,0
CUST813,1,2,2,3,3,2,8500,36,0.22,1400,6000,5200,332,-232,0.0,0.16,0.16,0.7,0.35,0.55,0.2,0.45,1
CUST814,1,1,1,3,5,6,6000,12,0.18,900,4200,3500,475,825,1.94,0.1,0.15,0.6,0.5,0.4,0.6,0.78,0
CUST815,1,2,1,1,7,8,11500,24,0.17,1300,8500,7200,536,1664,3.27,0.11,0.11,0.33,0.75,0.28,0.8,0.86,0
CUST816,0,1,0,2,4,4,7200,24,0.21,1000,5200,4500,332,668,1.67,0.13,0.14,0.5,0.45,0.58,0.4,0.42,1
CUST817,1,3,1,2,12,15,25000,48,0.16,4000,18000,14000,716,3284,3.46,0.1,0.16,0.5,0.95,0.12,1.0,0.95,0
CUST818,1,1,1,3,6,10,5800,12,0.2,850,4800,4000,538,412,0.86,0.11,0.15,0.6,0.65,0.45,0.8,0.75,0
CUST819,1,2,1,1,15,18,6500,6,0.15,900,10500,8500,1115,1385,2.13,0.04,0.14,0.33,0.98,0.24,1.0,0.96,0
CUST820,0,1,2,2,5,4,12000,36,0.24,1800,8500,7500,415,-915,0.0,0.15,0.15,0.5,0.55,0.72,0.4,0.38,1
CUST821,1,3,1,1,2,1,18000,24,0.18,3000,11000,9000,1015,1985,1.96,0.15,0.17,0.33,0.25,0.5,0.2,0.94,0
CUST822,0,1,1,2,18,20,4500,12,0.22,250,3200,2800,428,872,3.04,0.06,0.06,0.5,1.0,0.22,1.0,0.45,0
CUST823,1,2,2,3,8,6,12500,36,0.2,2000,8500,7500,412,-412,0.0,0.16,0.16,0.7,0.65,0.55,0.6,0.52,1
CUST824,1,3,1,1,12,10,28000,48,0.15,4500,20000,16000,721,3279,4.55,0.1,0.16,0.33,0.92,0.14,1.0,0.96,0
CUST825,0,1,0,2,10,8,6500,24,0.22,900,4800,4200,305,495,1.16,0.12,0.14,0.5,0.8,0.42,1.0,0.48,0
CUST826,1,2,1,1,18,20,11000,24,0.17,1200,8000,6800,512,1788,3.29,0.11,0.11,0.33,0.99,0.26,1.0,0.88,0
CUST827,1,3,1,0,25,30,40000,60,0.15,6500,32000,24000,870,7130,8.2,0.09,0.16,0.0,1.0,0.1,1.0,0.99,0
CUST828,1,2,2,2,9,8,14000,48,0.23,2500,9500,8500,451,-451,0.0,0.15,0.18,0.5,0.75,0.65,0.8,0.55,1
CUST829,1,1,1,3,12,22,6500,12,0.18,1000,5200,4500,528,772,1.46,0.07,0.17,0.6,0.95,0.3,1.0,0.82,0
CUST830,0,2,0,1,20,35,9000,24,0.22,400,6000,5200,422,2578,6.11,0.09,0.05,0.33,1.0,0.24,1.0,0.58,0
CUST831,1,3,1,1,5,4,20000,36,0.15,3500,14000,11000,649,2351,2.02,0.14,0.18,0.33,0.45,0.45,0.3,0.95,0
CUST832,1,2,1,2,15,16,14000,36,0.17,2000,10000,8500,466,1534,2.29,0.12,0.14,0.5,0.95,0.35,1.0,0.84,0
CUST833,1,1,2,2,6,5,5500,12,0.22,850,5500,4800,336,-1186,0.0,0.12,0.17,0.5,0.5,0.6,0.4,0.45,1
CUST834,0,1,1,3,15,18,7200,18,0.18,300,6000,5200,425,975,3.25,0.09,0.04,0.6,0.99,0.22,1.0,0.52,0
CUST835,1,2,1,1,20,25,16000,48,0.17,2500,12000,10000,482,2118,3.24,0.1,0.16,0.33,1.0,0.2,1.0,0.92,0
CUST836,0,1,2,2,8,6,9000,24,0.23,1300,6500,5500,442,-442,0.0,0.13,0.14,0.5,0.6,0.68,0.5,0.4,1
CUST837,1,3,1,2,24,25,35000,48,0.16,5500,28000,22000,1014,4486,4.42,0.09,0.16,0.5,1.0,0.14,1.0,0.99,0
CUST838,1,1,1,3,12,20,8000,12,0.19,1200,8000,6800,672,528,0.79,0.08,0.17,0.6,0.92,0.38,1.0,0.82,0
CUST839,1,2,1,1,25,30,9500,6,0.15,1400,14000,11000,1572,1928,1.37,0.04,0.15,0.33,1.0,0.28,1.0,0.99,0
CUST840,0,1,2,2,12,10,25000,36,0.24,4500,18000,16500,1025,-2525,0.0,0.15,0.18,0.5,0.95,0.9,1.0,0.55,1
CUST841,1,3,1,1,3,2,16000,24,0.18,2800,10000,8500,858,2342,2.27,0.15,0.17,0.33,0.3,0.55,0.2,0.92,0
CUST842,0,1,1,2,22,20,5500,12,0.21,300,4800,4000,485,715,2.38,0.06,0.05,0.5,1.0,0.2,1.0,0.45,0
CUST843,1,2,2,3,10,8,14000,36,0.2,2500,9500,8500,466,-466,0.0,0.16,0.17,0.7,0.75,0.6,0.6,0.58,1
CUST844,1,3,1,1,18,16,32000,48,0.15,5500,24000,18000,868,4632,5.34,0.1,0.16,0.33,1.0,0.12,1.0,0.98,0
CUST845,0,1,0,2,14,12,8500,24,0.23,1200,7000,6000,428,272,0.64,0.12,0.15,0.5,0.9,0.52,1.0,0.52,1
CUST846,1,2,1,1,20,22,12500,24,0.17,1500,9500,8000,600,1900,3.17,0.11,0.11,0.33,1.0,0.28,1.0,0.9,0
CUST847,1,3,1,0,32,38,48000,60,0.15,7500,38000,30000,914,9086,10.0,0.08,0.17,0.0,1.0,0.08,1.0,0.99,0
CUST848,1,2,2,2,10,9,16000,48,0.22,2800,11000,9500,481,-481,0.0,0.15,0.18,0.5,0.75,0.7,0.8,0.58,1
CUST849,1,1,1,3,18,25,9000,12,0.18,1600,7500,6500,816,684,1.42,0.07,0.18,0.6,0.98,0.38,1.0,0.85,0
CUST850,0,2,0,1,25,40,12000,24,0.21,600,8000,7000,569,3431,5.72,0.09,0.06,0.33,1.0,0.28,1.0,0.65,0
CUST851,1,3,1,1,6,4,24000,36,0.15,4500,18000,15000,841,2159,1.44,0.14,0.19,0.33,0.45,0.55,0.4,0.98,0
CUST852,1,2,1,2,18,20,16500,36,0.17,2500,12000,10000,566,1434,2.23,0.12,0.15,0.5,0.98,0.4,1.0,0.88,0
CUST853,1,1,2,2,8,7,6500,12,0.22,1100,6500,5800,432,-1432,0.0,0.11,0.17,0.5,0.65,0.7,0.6,0.48,1
CUST854,0,1,1,3,20,22,8500,18,0.18,500,7000,6200,522,978,2.83,0.09,0.06,0.6,1.0,0.32,1.0,0.55,0
CUST855,1,2,1,1,25,28,20000,48,0.17,3500,15000,13000,607,2393,3.12,0.1,0.17,0.33,1.0,0.28,1.0,0.95,0
CUST856,0,1,2,2,10,9,12000,24,0.23,1800,8500,7500,576,-576,0.0,0.13,0.16,0.5,0.75,0.78,0.8,0.52,1
CUST857,1,3,1,2,28,30,42000,48,0.16,6500,35000,25000,1116,5884,3.58,0.09,0.16,0.5,1.0,0.15,1.0,0.99,0
CUST858,1,1,1,3,18,25,10000,12,0.18,1800,9000,8000,916,184,0.31,0.08,0.18,0.6,0.98,0.52,1.0,0.85,1
CUST859,1,2,1,1,28,32,11000,6,0.15,1800,16000,13000,1812,2188,1.21,0.04,0.15,0.33,1.0,0.38,1.0,0.99,0
CUST860,0,1,2,2,20,18,38000,36,0.24,7000,24000,22000,1424,-3424,0.0,0.15,0.19,0.5,1.0,1.0,1.0,0.7,1
CUST861,1,3,1,1,5,4,20000,24,0.18,3500,12500,10500,1115,2885,1.72,0.15,0.17,0.33,0.4,0.58,0.3,0.95,0
CUST862,0,1,1,2,28,25,7500,12,0.21,500,6000,5200,672,828,2.72,0.05,0.07,0.5,1.0,0.32,1.0,0.6,0
CUST863,1,2,2,3,12,10,18000,36,0.2,3500,12000,10500,582,-582,0.0,0.16,0.19,0.7,0.85,0.72,1.0,0.65,1
CUST864,1,3,1,1,25,22,35000,48,0.15,6000,25000,20000,936,6064,5.41,0.09,0.17,0.33,1.0,0.16,1.0,0.99,0
CUST865,0,1,0,2,18,16,10500,24,0.23,1600,8500,7500,521,479,0.91,0.11,0.16,0.5,1.0,0.62,1.0,0.58,1
CUST866,1,2,1,1,30,35,20000,24,0.17,3000,15000,12000,916,2084,3.32,0.11,0.14,0.33,1.0,0.42,1.0,0.98,0
CUST867,1,3,1,0,40,45,60000,60,0.15,11000,50000,35000,1185,13815,10.0,0.08,0.18,0.0,1.0,0.12,1.0,0.99,0
CUST868,1,2,2,2,15,12,20000,48,0.22,3500,13500,11500,591,-591,0.0,0.15,0.18,0.5,0.95,0.88,1.0,0.65,1
CUST869,1,1,1,3,25,35,12000,12,0.18,2200,10000,8500,1122,878,1.4,0.07,0.19,0.6,1.0,0.6,1.0,0.88,0
CUST870,0,2,0,1,38,55,18000,24,0.21,1200,12000,10000,856,5144,5.28,0.09,0.07,0.33,1.0,0.48,1.0,0.78,0
CUST871,1,3,1,1,10,8,32000,36,0.15,6000,25000,20000,1154,3846,1.75,0.14,0.19,0.33,0.65,0.62,0.6,0.99,0
CUST872,1,2,1,2,25,28,20000,36,0.17,3200,15000,12000,716,1284,2.16,0.12,0.16,0.5,1.0,0.48,1.0,0.95,0
CUST873,1,1,2,2,15,12,11000,12,0.22,1800,11000,10000,722,-1722,0.0,0.11,0.18,0.5,0.95,0.9,1.0,0.62,1
CUST874,0,1,1,3,25,28,10500,18,0.18,700,9000,8000,642,858,2.22,0.09,0.07,0.6,1.0,0.4,1.0,0.62,0
CUST875,1,2,1,1,38,45,25000,48,0.17,4500,20000,16000,759,2241,2.96,0.1,0.18,0.33,1.0,0.38,1.0,0.99,0
CUST876,0,1,2,2,18,15,15000,24,0.23,2500,11000,9500,742,-742,0.0,0.14,0.17,0.5,1.0,0.85,1.0,0.6,1
CUST877,1,3,1,2,35,35,50000,48,0.16,8500,42000,32000,1425,5575,3.61,0.09,0.16,0.5,1.0,0.22,1.0,0.99,0
CUST878,1,1,1,3,28,35,15000,12,0.18,3000,14000,12000,1422,578,0.39,0.08,0.19,0.6,1.0,0.72,1.0,0.95,1
CUST879,1,2,1,1,45,50,18000,6,0.15,3000,25000,20000,3112,2888,1.35,0.04,0.15,0.33,1.0,0.55,1.0,0.99,0
CUST880,0,1,2,2,30,28,55000,36,0.24,11000,35000,30000,2058,-5058,0.0,0.15,0.2,0.5,1.0,1.0,1.0,0.85,1
CUST881,1,3,1,1,5,4,25000,24,0.18,4500,15000,13000,1385,3615,1.61,0.15,0.18,0.33,0.45,0.65,0.3,0.98,0
CUST882,0,1,1,2,35,32,10000,12,0.21,600,9000,7500,885,1115,2.85,0.05,0.07,0.5,1.0,0.42,1.0,0.68,0
CUST883,1,2,2,3,15,12,22000,36,0.2,4500,15000,13000,724,-724,0.0,0.16,0.19,0.7,0.95,0.82,1.0,0.72,1
CUST884,1,3,1,1,30,28,42000,48,0.15,7500,32000,24000,1116,6884,5.16,0.09,0.17,0.33,1.0,0.2,1.0,0.99,0
CUST885,0,1,0,2,25,22,12500,24,0.23,2000,10000,8500,659,341,0.64,0.12,0.16,0.5,1.0,0.7,1.0,0.65,1
CUST886,1,2,1,1,35,40,25000,24,0.17,3500,18000,15000,1116,2884,3.12,0.11,0.15,0.33,1.0,0.48,1.0,0.99,0
CUST887,1,3,1,0,45,50,70000,60,0.15,13000,60000,42000,1458,15542,10.0,0.08,0.19,0.0,1.0,0.15,1.0,0.99,0
CUST888,1,2,2,2,20,18,25000,48,0.22,4500,18000,15000,761,-761,0.0,0.15,0.19,0.5,1.0,0.92,1.0,0.72,1
CUST889,1,1,1,3,30,40,15000,12,0.18,2800,13000,11000,1416,584,0.39,0.07,0.19,0.6,1.0,0.68,1.0,0.95,1
CUST890,0,2,0,1,45,60,22000,24,0.21,1500,15000,12000,1056,5944,5.12,0.09,0.07,0.33,1.0,0.55,1.0,0.85,0
CUST891,1,3,1,1,12,10,38000,36,0.15,7500,30000,24000,1354,4146,1.8,0.14,0.19,0.33,0.75,0.68,0.6,0.99,0
CUST892,1,2,1,2,30,32,25000,36,0.17,4000,18000,15000,859,2141,2.14,0.12,0.16,0.5,1.0,0.55,1.0,0.99,0
CUST893,1,1,2,2,20,18,13000,12,0.22,2200,13000,11500,828,-1828,0.0,0.11,0.19,0.5,1.0,0.95,1.0,0.68,1
CUST894,0,1,1,3,30,35,12000,18,0.18,900,10500,9000,753,747,1.83,0.09,0.07,0.6,1.0,0.45,1.0,0.68,0
CUST895,1,2,1,1,45,50,30000,48,0.17,5500,25000,20000,959,2541,2.81,0.1,0.18,0.33,1.0,0.45,1.0,0.99,0
CUST896,0,1,2,2,22,20,18000,24,0.23,3000,13500,11500,864,-864,0.0,0.14,0.18,0.5,1.0,0.9,1.0,0.65,1
CUST897,1,3,1,2,40,40,60000,48,0.16,10000,52000,38000,1725,6275,3.71,0.09,0.17,0.5,1.0,0.25,1.0,0.99,0
CUST898,1,1,1,3,35,40,18000,12,0.18,3500,16000,14000,1712,288,0.16,0.08,0.2,0.6,1.0,0.78,1.0,0.99,1
CUST899,1,2,1,1,50,55,20000,6,0.15,3500,30000,24000,3812,2188,1.15,0.04,0.16,0.33,1.0,0.65,1.0,0.99,0
CUST900,0,1,2,2,35,32,60000,36,0.24,12000,40000,35000,2258,-5258,0.0,0.15,0.21,0.5,1.0,1.0,1.0,0.9,1
CUST901,1,2,1,1,10,12,8500,24,0.11,1100,6500,5500,432,1568,1.42,0.1,0.12,0.33,0.9,0.22,1.0,0.85,0
CUST902,0,1,2,2,4,3,4200,12,0.14,600,3200,2800,312,288,0.48,0.12,0.14,0.5,0.45,0.55,0.4,0.4,1
CUST903,1,3,1,2,15,14,18000,48,0.12,2800,14000,11000,622,3378,1.2,0.1,0.15,0.5,0.95,0.1,1.0,0.94,0
CUST904,1,1,0,0,6,5,5500,24,0.13,800,4500,3800,324,676,0.84,0.11,0.12,0.0,0.6,0.45,0.7,0.55,1
CUST905,1,2,1,1,12,14,11000,36,0.11,1500,8500,7200,488,2012,1.34,0.1,0.15,0.33,0.92,0.18,1.0,0.88,0
CUST906,0,1,2,2,5,4,6500,24,0.14,1000,4800,4200,356,344,0.34,0.13,0.14,0.5,0.55,0.6,0.5,0.42,1
CUST907,1,3,1,2,20,18,25000,48,0.12,4000,20000,15000,845,4155,1.03,0.1,0.15,0.5,1.0,0.09,1.0,0.98,0
CUST908,1,1,1,3,8,10,5200,12,0.1,750,4200,3500,412,238,0.31,0.12,0.16,0.6,0.8,0.3,1.0,0.75,0
CUST909,1,2,1,1,14,16,10000,24,0.11,1300,7500,6200,552,2148,1.65,0.11,0.11,0.33,0.98,0.22,1.0,0.88,0
CUST910,0,1,2,2,6,5,8500,36,0.15,1300,6000,5200,412,-112,0.0,0.14,0.15,0.5,0.55,0.7,0.4,0.35,1
CUST911,1,3,1,1,25,28,35000,60,0.11,5500,28000,20000,914,6086,1.1,0.09,0.16,0.33,1.0,0.1,1.0,0.99,0
CUST912,0,1,2,4,1,1,4500,12,0.15,400,3200,2800,312,-412,0.0,0.13,0.08,0.8,0.1,0.75,0.1,0.2,1
CUST913,1,2,1,2,10,12,12000,36,0.12,1800,9500,7500,422,2078,1.15,0.11,0.16,0.5,0.9,0.25,1.0,0.82,0
CUST914,1,1,0,0,8,7,8000,24,0.13,1100,6500,5500,385,1115,1.01,0.1,0.13,0.0,0.75,0.48,0.7,0.65,1
CUST915,1,2,1,1,16,18,14000,48,0.12,2200,11000,9000,496,2504,1.13,0.1,0.16,0.33,1.0,0.18,1.0,0.92,0
CUST916,0,1,2,2,7,6,7500,24,0.14,1100,5500,4800,388,212,0.19,0.13,0.13,0.5,0.65,0.65,0.6,0.4,1
CUST917,1,3,1,2,30,35,42000,48,0.12,6500,35000,25000,1125,5875,0.9,0.09,0.16,0.5,1.0,0.12,1.0,0.99,0
CUST918,1,1,1,3,15,20,7500,12,0.1,1200,6500,5500,612,388,0.32,0.08,0.16,0.6,0.98,0.4,1.0,0.8,0
CUST919,1,2,1,1,20,22,12500,6,0.1,1500,9000,7500,1245,1755,1.17,0.04,0.14,0.33,1.0,0.25,1.0,0.96,0
CUST920,0,1,2,2,10,8,18000,36,0.15,2800,14000,12000,724,1276,0.45,0.15,0.18,0.5,0.85,0.75,1.0,0.52,1
CUST921,1,3,1,1,2,2,11000,24,0.12,1600,6000,5200,488,3312,2.07,0.15,0.15,0.33,0.25,0.45,0.2,0.8,1
CUST922,0,1,1,2,14,12,4200,12,0.1,250,3000,2500,312,638,2.55,0.06,0.05,0.5,0.95,0.15,1.0,0.4,0
CUST923,1,2,2,3,6,5,9500,36,0.14,1400,6500,5500,388,1612,1.15,0.16,0.16,0.7,0.6,0.45,0.5,0.55,1
CUST924,1,3,1,1,12,10,22000,48,0.11,3500,15000,12000,588,6412,1.83,0.1,0.16,0.33,0.92,0.12,1.0,0.92,0
CUST925,0,1,0,2,8,7,5500,24,0.14,800,4200,3800,312,388,0.48,0.12,0.14,0.5,0.75,0.38,0.7,0.45,1
CUST926,1,2,1,1,15,18,9000,24,0.11,1000,6500,5500,412,2088,2.08,0.11,0.11,0.33,0.98,0.22,1.0,0.85,0
CUST927,1,3,1,0,25,30,38000,60,0.1,6000,32000,22000,812,9188,1.53,0.08,0.15,0.0,1.0,0.08,1.0,0.99,0
CUST928,1,2,2,2,8,7,12500,48,0.14,2000,8500,7500,418,1582,0.79,0.15,0.16,0.5,0.7,0.5,0.6,0.55,1
CUST929,1,1,1,3,10,18,6000,12,0.1,1000,5200,4200,512,288,0.28,0.07,0.17,0.6,0.92,0.3,1.0,0.8,0
CUST930,0,2,0,1,16,25,7500,24,0.12,350,4800,4200,345,2305,6.58,0.09,0.04,0.33,1.0,0.2,1.0,0.55,0
CUST931,1,3,1,1,5,4,16000,36,0.11,2800,11000,9000,556,1644,0.58,0.14,0.18,0.33,0.45,0.4,0.3,0.92,1
CUST932,1,2,1,2,12,14,12000,36,0.12,1600,9000,7500,422,1478,0.92,0.12,0.13,0.5,0.92,0.28,1.0,0.82,0
CUST933,1,1,2,2,6,5,4500,12,0.14,700,4800,4200,312,-1012,0.0,0.11,0.16,0.5,0.5,0.6,0.4,0.42,1
CUST934,0,1,1,3,14,16,6000,18,0.12,250,5200,4500,388,362,1.44,0.09,0.04,0.6,0.99,0.2,1.0,0.48,0
CUST935,1,2,1,1,18,20,13500,48,0.12,2000,10000,8500,445,1055,0.52,0.1,0.15,0.33,1.0,0.2,1.0,0.9,0
CUST936,0,1,2,2,7,6,7500,24,0.14,1100,5500,4800,388,512,0.46,0.12,0.14,0.5,0.65,0.65,0.5,0.42,1
CUST937,1,3,1,2,20,25,28000,48,0.12,4500,24000,18000,856,2644,0.58,0.09,0.16,0.5,1.0,0.12,1.0,0.99,0
CUST938,1,1,1,3,10,15,6500,12,0.1,1100,6500,5500,588,-1188,0.0,0.08,0.17,0.6,0.9,0.35,1.0,0.78,1
CUST939,1,2,1,1,20,25,8000,6,0.1,1200,12000,9500,1356,2144,1.78,0.04,0.14,0.33,1.0,0.28,1.0,0.99,0
CUST940,0,1,2,2,12,10,25000,36,0.15,4500,16000,14500,915,-515,0.0,0.15,0.18,0.5,0.9,0.85,1.0,0.58,1
CUST941,1,3,1,1,2,1,14000,24,0.12,2200,8500,7200,756,3044,1.38,0.15,0.17,0.33,0.2,0.48,0.1,0.9,1
CUST942,0,1,1,2,18,16,4500,12,0.1,250,3800,3200,396,254,1.01,0.05,0.05,0.5,1.0,0.2,1.0,0.42,0
CUST943,1,2,2,3,7,6,11500,36,0.14,1800,7500,6500,388,1812,1.0,0.16,0.17,0.7,0.65,0.55,0.6,0.55,1
CUST944,1,3,1,1,14,12,25000,48,0.11,4000,18000,15000,688,2912,0.72,0.1,0.16,0.33,0.95,0.12,1.0,0.95,0
CUST945,0,1,0,2,10,9,6500,24,0.14,900,5200,4500,312,388,0.43,0.11,0.14,0.5,0.8,0.45,1.0,0.48,0
CUST946,1,2,1,1,15,18,10000,24,0.11,1200,7500,6500,512,1788,1.49,0.11,0.11,0.33,0.98,0.25,1.0,0.88,0
CUST947,1,3,1,0,28,32,40000,60,0.1,6500,35000,25000,856,8644,1.33,0.08,0.17,0.0,1.0,0.08,1.0,0.99,0
CUST948,1,2,2,2,9,8,14000,48,0.14,2200,8500,7500,418,3082,1.4,0.15,0.17,0.5,0.75,0.55,0.8,0.55,1
CUST949,1,1,1,3,12,22,7500,12,0.1,1200,6000,5200,656,644,0.53,0.07,0.18,0.6,0.95,0.38,1.0,0.82,0
CUST950,0,2,0,1,20,30,9500,24,0.12,450,6000,5200,425,3075,6.83,0.09,0.05,0.33,1.0,0.22,1.0,0.6,0
CUST951,1,3,1,1,5,3,20000,36,0.11,3500,15000,12000,712,1288,0.36,0.14,0.18,0.33,0.4,0.5,0.3,0.96,1
CUST952,1,2,1,2,15,16,14000,36,0.12,2000,10000,8500,488,1512,0.75,0.12,0.15,0.5,0.95,0.35,1.0,0.85,1
CUST953,1,1,2,2,7,6,5500,12,0.14,900,5500,4800,356,-856,0.0,0.1,0.17,0.5,0.6,0.68,0.6,0.45,1
CUST954,0,1,1,3,16,18,7000,18,0.12,350,5800,5200,412,438,1.25,0.09,0.05,0.6,1.0,0.25,1.0,0.52,0
CUST955,1,2,1,1,20,22,16000,48,0.12,2500,12000,10000,512,1488,0.59,0.1,0.16,0.33,1.0,0.22,1.0,0.92,0
CUST956,0,1,2,2,8,7,10000,24,0.14,1500,7200,6200,488,812,0.54,0.13,0.15,0.5,0.7,0.75,0.8,0.48,1
CUST957,1,3,1,2,22,25,35000,48,0.12,5500,30000,22000,956,2044,0.37,0.09,0.16,0.5,1.0,0.14,1.0,0.99,0
CUST958,1,1,1,3,14,20,8500,12,0.1,1400,8000,6800,756,-1056,0.0,0.08,0.18,0.6,0.98,0.42,1.0,0.82,1
CUST959,1,2,1,1,22,25,9500,6,0.1,1400,14000,11000,1588,1412,1.0,0.04,0.15,0.33,1.0,0.32,1.0,0.99,0
CUST960,0,1,2,2,15,12,32000,36,0.15,6000,20000,18000,1124,876,0.14,0.15,0.19,0.5,0.95,0.9,1.0,0.65,1
CUST961,1,3,1,1,4,3,16000,24,0.12,2800,10000,8500,856,2144,0.76,0.15,0.17,0.33,0.35,0.55,0.3,0.95,1
CUST962,0,1,1,2,22,20,6000,12,0.1,350,5200,4200,512,438,1.25,0.05,0.06,0.5,1.0,0.25,1.0,0.55,0
CUST963,1,2,2,3,10,8,15000,36,0.14,2800,10000,9000,512,2188,0.78,0.15,0.19,0.7,0.75,0.68,0.8,0.62,1
CUST964,1,3,1,1,18,16,30000,48,0.11,5000,22000,18000,812,2188,0.43,0.09,0.17,0.33,1.0,0.15,1.0,0.98,0
CUST965,0,1,0,2,15,12,8500,24,0.14,1200,6500,5500,412,388,0.32,0.11,0.16,0.5,0.95,0.58,1.0,0.55,1
CUST966,1,2,1,1,20,22,12500,24,0.11,1500,9500,8000,612,1388,0.92,0.11,0.13,0.33,1.0,0.32,1.0,0.92,0
CUST967,1,3,1,0,32,38,50000,60,0.1,9000,42000,30000,1012,8988,0.99,0.08,0.18,0.0,1.0,0.1,1.0,0.99,0
CUST968,1,2,2,2,11,9,16000,48,0.14,2800,11000,9500,488,1712,0.61,0.15,0.18,0.5,0.8,0.72,1.0,0.6,1
CUST969,1,1,1,3,18,25,9500,12,0.1,1600,8000,6800,856,644,0.4,0.07,0.18,0.6,1.0,0.45,1.0,0.85,0
CUST970,0,2,0,1,25,40,14000,24,0.12,800,9000,8000,656,3544,4.43,0.09,0.07,0.33,1.0,0.32,1.0,0.68,0
CUST971,1,3,1,1,6,4,25000,36,0.11,4500,18000,15000,888,2612,0.58,0.14,0.19,0.33,0.45,0.6,0.5,0.98,1
CUST972,1,2,1,2,18,20,16500,36,0.12,2500,12000,10000,556,1944,0.77,0.11,0.16,0.5,1.0,0.4,1.0,0.9,1
CUST973,1,1,2,2,9,7,7500,12,0.14,1300,7500,6500,488,-1288,0.0,0.1,0.18,0.5,0.7,0.78,0.8,0.52,1
CUST974,0,1,1,3,20,22,9000,18,0.12,500,7500,6500,512,488,0.97,0.09,0.06,0.6,1.0,0.32,1.0,0.58,0
CUST975,1,2,1,1,25,30,20000,48,0.12,3500,15000,12000,656,1344,0.38,0.1,0.17,0.33,1.0,0.25,1.0,0.96,0
CUST976,0,1,2,2,11,9,12500,24,0.14,2000,9000,7500,588,412,0.2,0.13,0.16,0.5,0.8,0.82,1.0,0.55,1
CUST977,1,3,1,2,28,28,40000,48,0.12,6500,35000,25000,1188,3812,0.58,0.09,0.16,0.5,1.0,0.16,1.0,0.99,0
CUST978,1,1,1,3,18,22,10000,12,0.1,1800,9000,7500,912,88,0.04,0.08,0.18,0.6,1.0,0.5,1.0,0.86,1
CUST979,1,2,1,1,28,32,12000,6,0.1,1800,16000,13000,1856,1144,0.63,0.04,0.15,0.33,1.0,0.38,1.0,0.99,0
CUST980,0,1,2,2,20,18,35000,36,0.15,6500,22000,20000,1324,176,0.02,0.14,0.19,0.5,1.0,1.0,1.0,0.72,1
CUST981,1,3,1,1,3,2,20000,24,0.12,3500,12500,10000,1112,1888,0.53,0.15,0.17,0.33,0.3,0.58,0.3,0.95,1
CUST982,0,1,1,2,25,22,7500,12,0.1,500,6000,5200,656,344,0.68,0.05,0.07,0.5,1.0,0.3,1.0,0.65,0
CUST983,1,2,2,3,12,10,18000,36,0.14,3500,12000,10500,612,2188,0.62,0.15,0.19,0.7,0.85,0.75,1.0,0.68,1
CUST984,1,3,1,1,22,20,32000,48,0.11,5500,24000,18000,912,2588,0.47,0.09,0.17,0.33,1.0,0.16,1.0,0.99,0
CUST985,0,1,0,2,18,16,10500,24,0.14,1600,8500,7500,524,476,0.29,0.11,0.16,0.5,1.0,0.65,1.0,0.62,1
CUST986,1,2,1,1,25,28,16000,24,0.11,2200,11000,9500,756,1744,0.79,0.11,0.14,0.33,1.0,0.35,1.0,0.96,0
CUST987,1,3,1,0,35,40,55000,60,0.1,10000,45000,32000,1156,8844,0.88,0.08,0.18,0.0,1.0,0.1,1.0,0.99,0
CUST988,1,2,2,2,13,11,20000,48,0.14,3500,13500,11500,588,2412,0.68,0.14,0.18,0.5,0.9,0.85,1.0,0.65,1
CUST989,1,1,1,3,22,30,12000,12,0.1,2200,10000,8500,1156,344,0.15,0.07,0.19,0.6,1.0,0.55,1.0,0.9,0
CUST990,0,2,0,1,30,45,18000,24,0.12,1200,12000,10000,856,5144,4.28,0.09,0.07,0.33,1.0,0.4,1.0,0.75,0
CUST991,1,3,1,1,8,6,32000,36,0.11,6000,25000,20000,1188,3312,0.55,0.14,0.19,0.33,0.55,0.62,0.6,0.99,1
CUST992,1,2,1,2,22,25,20000,36,0.12,3200,15000,12000,712,1788,0.55,0.11,0.16,0.5,1.0,0.48,1.0,0.96,1
CUST993,1,1,2,2,11,9,9000,12,0.14,1600,9000,8000,588,-1688,0.0,0.1,0.18,0.5,0.8,0.85,1.0,0.58,1
CUST994,0,1,1,3,25,28,10500,18,0.12,700,9000,8000,612,388,0.55,0.09,0.07,0.6,1.0,0.38,1.0,0.65,0
CUST995,1,2,1,1,30,35,25000,48,0.12,4500,20000,16000,756,2244,0.49,0.1,0.18,0.33,1.0,0.32,1.0,0.99,0
CUST996,0,1,2,2,13,11,15000,24,0.14,2500,11000,9500,712,788,0.31,0.13,0.17,0.5,0.9,0.88,1.0,0.62,1
CUST997,1,3,1,2,30,30,48000,48,0.12,8000,40000,30000,1356,4644,0.58,0.09,0.16,0.5,1.0,0.2,1.0,0.99,0
CUST998,1,1,1,3,22,28,13000,12,0.1,2200,11000,9500,1212,288,0.13,0.08,0.18,0.6,1.0,0.6,1.0,0.92,1
CUST999,1,2,1,1,35,40,15000,6,0.1,2200,20000,16000,2512,1488,0.59,0.04,0.15,0.33,1.0,0.45,1.0,0.99,0
CUST1000,0,1,2,2,25,22,45000,36,0.15,9000,30000,25000,1658,-2158,0.0,0.14,0.2,0.5,1.0,1.0,1.0,0.85,1
